Date;Open;High;Low;Close ;Adj Close ;Volume
6/5/2025;54.7;54.8;53.1;53.2;53.2;3,507,393.0
5/5/2025;55.3;55.3;54.1;54.6;54.6;1,720,700.0
2/5/2025;55.5;55.7;55.3;55.4;55.4;2,254,700.0
1/5/2025;55.1;55.1;53.9;54.1;54.1;1,512,200.0
30/4/2025;55.0;55.1;54.3;55.0;55.0;1,687,100.0
29/4/2025;53.1;53.8;52.9;53.7;53.7;2,126,400.0
28/4/2025;52.8;53.2;52.7;52.8;52.8;2,005,600.0
25/4/2025;52.9;52.9;52.2;52.3;52.3;5,488,700.0
24/4/2025;52.9;53.7;52.4;53.5;53.5;4,136,400.0
23/4/2025;52.5;53.1;52.3;53.0;53.0;3,052,000.0
22/4/2025;51.3;52.3;51.3;51.9;51.9;4,414,100.0
21/4/2025;51.3;51.4;50.5;50.9;50.9;2,604,000.0
17/4/2025;51.2;51.6;50.9;50.9;50.9;2,856,400.0
16/4/2025;51.6;51.6;50.4;50.6;50.6;6,232,500.0
15/4/2025;51.3;51.9;50.5;50.6;50.6;6,523,700.0
14/4/2025;51.4;52.2;51.4;51.8;51.8;2,649,900.0
11/4/2025;50.6;51.8;50.2;51.5;51.5;3,191,000.0
10/4/2025;50.2;50.2;48.7;49.7;49.7;2,657,800.0
9/4/2025;48.2;51.6;47.7;51.2;51.2;6,026,500.0
8/4/2025;51.3;51.3;49.0;49.9;49.9;4,267,000.0
7/4/2025;50.2;52.2;49.5;50.8;50.8;4,010,500.0
4/4/2025;53.7;53.9;51.6;52.0;52.0;3,162,400.0
3/4/2025;55.7;55.8;54.6;54.6;54.6;1,842,100.0
2/4/2025;53.9;54.4;53.8;54.0;54.0;1,682,600.0
1/4/2025;55.5;55.5;54.2;54.3;54.3;3,810,200.0
31/3/2025;55.0;55.6;54.6;55.5;55.5;1,559,200.0
28/3/2025;55.8;56.0;55.6;55.8;55.8;2,059,600.0
27/3/2025;54.8;55.1;54.7;54.9;54.9;1,320,300.0
26/3/2025;54.4;54.8;54.0;54.5;54.5;3,002,600.0
25/3/2025;56.9;56.9;55.4;55.5;55.5;3,950,000.0
24/3/2025;56.1;56.4;55.8;55.9;55.9;1,816,200.0
21/3/2025;57.4;57.6;56.6;56.9;56.9;1,950,500.0
20/3/2025;58.0;58.2;57.2;57.8;57.8;2,002,400.0
19/3/2025;59.1;59.1;58.2;58.6;58.6;3,249,100.0
18/3/2025;58.9;59.2;58.7;59.1;59.1;3,381,100.0
17/3/2025;58.3;59.1;58.3;58.9;58.9;3,512,900.0
14/3/2025;57.9;57.9;57.6;57.8;57.8;1,757,600.0
13/3/2025;57.4;57.9;57.3;57.8;57.8;3,279,600.0
12/3/2025;58.1;58.1;57.4;57.7;57.7;3,235,700.0
11/3/2025;59.9;59.9;58.4;58.7;58.7;1,887,200.0
10/3/2025;59.9;60.1;58.9;59.4;59.4;3,099,800.0
7/3/2025;59.1;59.7;59.0;59.3;59.3;3,783,300.0
6/3/2025;58.9;59.7;58.8;59.4;59.4;5,019,200.0
5/3/2025;58.3;59.2;58.3;59.2;59.2;3,617,500.0
4/3/2025;57.4;57.8;57.1;57.7;57.7;4,430,800.0
3/3/2025;56.3;56.8;56.3;56.5;56.5;4,314,400.0
28/2/2025;54.2;54.5;54.1;54.5;54.5;1,597,700.0
27/2/2025;54.5;54.6;54.1;54.1;54.1;2,239,300.0
26/2/2025;54.6;55.2;54.6;55.0;55.0;1,823,100.0
25/2/2025;54.6;55.0;54.3;54.9;54.9;2,763,400.0
24/2/2025;54.0;54.1;53.7;53.8;53.8;1,752,800.0
21/2/2025;54.0;54.5;53.9;54.5;54.5;1,424,200.0
20/2/2025;53.6;54.3;53.6;54.1;54.1;1,144,400.0
19/2/2025;53.7;53.8;53.5;53.6;53.6;2,752,300.0
18/2/2025;54.1;54.4;53.8;54.0;54.0;2,081,400.0
14/2/2025;54.8;54.8;54.1;54.5;54.5;1,806,400.0
13/2/2025;54.7;55.0;54.0;54.0;54.0;1,985,500.0
12/2/2025;53.9;54.9;53.8;54.6;54.6;2,235,000.0
11/2/2025;53.4;54.0;53.3;53.9;53.9;1,328,300.0
10/2/2025;53.4;53.6;53.2;53.3;53.3;1,540,900.0
7/2/2025;53.6;53.6;53.2;53.4;53.4;2,331,800.0
6/2/2025;53.8;53.8;52.7;52.9;52.9;3,458,800.0
5/2/2025;53.8;54.1;53.5;53.5;53.5;3,201,300.0
4/2/2025;53.5;53.7;53.0;53.5;53.5;1,871,300.0
3/2/2025;53.4;54.0;53.2;53.4;53.4;1,890,800.0
31/1/2025;54.2;54.3;53.8;54.3;54.3;3,199,300.0
30/1/2025;53.8;54.9;53.7;54.2;54.2;4,733,000.0
29/1/2025;52.8;53.0;52.1;52.2;52.2;3,166,800.0
28/1/2025;53.6;53.6;52.8;53.0;53.0;2,123,000.0
27/1/2025;53.6;53.8;53.0;53.3;53.3;3,039,200.0
24/1/2025;52.5;52.7;52.4;52.5;52.5;2,141,300.0
23/1/2025;52.4;52.4;51.8;52.0;52.0;2,343,700.0
22/1/2025;51.7;51.7;51.2;51.5;51.5;1,836,600.0
21/1/2025;51.7;51.8;51.2;51.7;51.7;3,510,700.0
17/1/2025;50.8;51.1;50.5;50.7;50.7;2,426,200.0
16/1/2025;49.9;51.1;49.8;50.7;50.7;5,171,100.0
15/1/2025;49.6;49.8;49.0;49.4;49.4;2,345,000.0
14/1/2025;48.4;48.6;47.9;48.5;48.5;1,680,800.0
13/1/2025;48.5;48.7;48.4;48.6;48.6;2,001,200.0
10/1/2025;49.4;49.4;48.7;48.7;48.7;2,833,400.0
8/1/2025;49.1;49.4;48.7;49.2;49.2;2,974,600.0
7/1/2025;49.7;50.0;49.7;49.9;49.9;2,816,700.0
6/1/2025;48.6;49.6;48.4;49.2;49.2;2,779,200.0
3/1/2025;48.1;48.2;47.8;48.2;48.2;1,558,600.0
2/1/2025;48.3;48.6;48.1;48.2;48.2;1,269,200.0
31/12/2024;48.1;48.5;48.0;48.2;48.2;637,500.0
30/12/2024;48.7;48.7;48.2;48.2;48.2;1,922,300.0
27/12/2024;48.2;49.1;48.2;48.7;48.7;2,221,800.0
26/12/2024;48.2;48.8;48.1;48.4;48.4;1,565,400.0
24/12/2024;47.8;48.4;47.8;48.3;48.3;1,641,200.0
23/12/2024;47.8;48.4;47.5;48.4;48.4;2,221,300.0
20/12/2024;46.9;47.9;46.9;47.7;47.7;2,486,800.0
19/12/2024;47.3;47.7;47.2;47.5;47.5;2,672,600.0
18/12/2024;47.7;48.3;47.0;47.0;47.0;2,523,400.0
17/12/2024;47.7;49.7;47.6;48.9;48.9;6,708,000.0
16/12/2024;46.4;46.6;45.8;45.9;45.9;4,002,000.0
13/12/2024;47.1;47.1;46.4;46.8;46.8;3,464,300.0
12/12/2024;47.4;47.7;47.0;47.0;47.0;2,602,000.0
11/12/2024;48.1;48.1;47.8;48.0;48.0;1,866,300.0
10/12/2024;48.5;48.6;48.0;48.1;48.1;2,017,300.0
9/12/2024;48.4;48.6;48.3;48.4;48.4;1,624,400.0
6/12/2024;48.5;48.7;48.3;48.5;48.5;1,590,300.0
5/12/2024;48.2;48.7;48.1;48.5;48.5;2,019,300.0
4/12/2024;47.9;48.1;47.6;48.0;48.0;2,297,800.0
3/12/2024;48.2;48.2;48.0;48.2;48.2;2,555,100.0
2/12/2024;48.1;48.2;47.6;48.0;48.0;1,622,600.0
29/11/2024;48.3;48.6;48.3;48.5;48.5;1,435,000.0
27/11/2024;48.5;49.0;48.4;48.7;48.7;1,523,600.0
26/11/2024;48.6;48.6;47.9;48.3;48.3;3,035,900.0
25/11/2024;48.8;48.8;48.3;48.4;48.4;4,732,500.0
22/11/2024;48.0;48.5;48.0;48.3;48.3;3,549,400.0
21/11/2024;47.6;48.0;47.6;48.0;48.0;1,830,000.0
20/11/2024;48.0;48.0;47.6;47.8;47.8;1,737,500.0
19/11/2024;48.0;48.2;47.8;48.0;48.0;3,337,400.0
18/11/2024;48.0;48.7;47.9;48.5;48.5;2,613,700.0
15/11/2024;47.9;48.2;47.5;48.0;48.0;3,651,100.0
14/11/2024;49.6;50.1;47.6;47.8;47.8;2,973,000.0
13/11/2024;49.8;49.8;49.2;49.5;49.5;1,680,600.0
12/11/2024;50.4;50.5;50.1;50.1;50.1;2,709,900.0
11/11/2024;51.1;51.2;50.6;50.6;50.6;2,059,300.0
8/11/2024;51.5;51.6;51.2;51.3;51.3;1,283,700.0
7/11/2024;51.5;51.8;51.4;51.7;51.7;1,388,600.0
6/11/2024;51.5;51.7;50.9;51.3;51.3;3,013,400.0
5/11/2024;52.5;52.9;52.4;52.9;52.9;851,800.0
4/11/2024;53.5;53.6;52.8;53.0;53.0;1,273,200.0
1/11/2024;53.8;53.8;53.1;53.3;53.3;1,381,500.0
31/10/2024;52.9;53.0;52.4;52.9;52.9;1,396,300.0
30/10/2024;53.3;53.7;53.3;53.5;53.5;2,609,000.0
29/10/2024;54.5;54.6;53.7;53.8;53.8;1,934,100.0
28/10/2024;54.2;54.7;54.0;54.4;54.4;3,461,900.0
25/10/2024;53.9;54.4;53.4;54.3;54.3;3,251,900.0
24/10/2024;53.2;53.2;50.0;52.1;52.1;3,306,300.0
23/10/2024;53.2;53.4;52.9;52.9;52.9;2,380,800.0
22/10/2024;53.1;53.7;53.0;53.3;53.3;1,699,000.0
21/10/2024;54.6;54.7;53.5;53.7;53.7;2,239,800.0
18/10/2024;54.6;55.0;54.3;54.9;54.9;1,196,700.0
17/10/2024;54.6;55.0;54.4;54.9;54.9;1,051,400.0
16/10/2024;54.7;55.1;54.3;54.4;54.4;1,515,800.0
15/10/2024;54.0;54.9;53.8;54.6;54.6;2,260,600.0
14/10/2024;55.2;55.5;54.9;54.9;54.9;1,875,000.0
11/10/2024;54.9;55.0;54.6;55.0;55.0;1,574,600.0
10/10/2024;55.4;55.5;54.7;54.8;54.8;1,431,500.0
9/10/2024;54.9;56.2;54.9;55.2;55.2;2,484,200.0
8/10/2024;55.2;55.2;54.8;54.9;54.9;1,741,600.0
7/10/2024;55.1;55.4;54.7;54.8;54.8;1,705,700.0
4/10/2024;55.6;56.0;55.3;55.5;55.5;3,077,900.0
3/10/2024;55.9;55.9;54.9;55.5;55.5;1,761,000.0
2/10/2024;56.8;56.8;56.0;56.3;56.3;1,581,100.0
1/10/2024;57.6;58.0;57.2;57.3;57.3;1,024,800.0
30/9/2024;57.8;57.9;57.3;57.6;57.6;1,333,900.0
27/9/2024;57.2;57.9;57.1;57.7;57.7;2,070,200.0
26/9/2024;56.7;57.2;56.7;57.0;57.0;1,224,000.0
25/9/2024;57.4;57.5;56.4;56.7;56.7;1,376,600.0
24/9/2024;57.3;57.8;57.2;57.6;57.6;1,140,400.0
23/9/2024;57.8;57.9;57.3;57.4;57.4;1,587,000.0
20/9/2024;58.0;58.0;57.5;57.6;57.6;1,943,000.0
19/9/2024;57.8;58.3;57.5;58.3;58.3;1,408,900.0
18/9/2024;57.3;57.5;57.1;57.5;57.5;1,355,000.0
17/9/2024;57.3;57.4;56.7;56.9;56.9;1,905,300.0
16/9/2024;57.5;57.6;57.3;57.3;57.3;1,352,500.0
13/9/2024;57.1;57.3;56.9;57.1;57.1;2,186,200.0
12/9/2024;57.0;57.1;56.6;56.8;56.8;3,677,600.0
11/9/2024;58.1;58.2;57.4;57.5;57.5;1,645,300.0
10/9/2024;58.2;58.3;57.9;58.1;58.1;965,000.0
9/9/2024;58.1;58.7;58.0;58.5;58.5;907,900.0
6/9/2024;58.5;58.7;57.6;57.7;57.7;1,660,200.0
5/9/2024;58.6;58.7;58.2;58.2;58.2;1,319,800.0
4/9/2024;58.0;59.0;58.0;58.5;58.5;1,992,900.0
3/9/2024;57.8;57.9;57.4;57.5;57.5;3,562,000.0
30/8/2024;56.2;56.4;55.8;56.3;56.3;1,669,700.0
29/8/2024;56.2;56.4;56.0;56.3;56.3;1,338,700.0
28/8/2024;56.1;56.4;55.9;56.1;56.1;721,900.0
27/8/2024;56.4;56.6;56.2;56.3;56.3;936,200.0
26/8/2024;56.2;56.6;56.1;56.3;56.3;979,600.0
23/8/2024;55.7;56.3;55.6;56.2;56.2;2,181,300.0
22/8/2024;55.2;55.3;54.9;55.2;55.2;1,629,100.0
21/8/2024;55.0;55.4;54.9;55.2;55.2;1,911,600.0
20/8/2024;54.6;54.9;54.5;54.8;54.8;699,400.0
19/8/2024;54.2;54.7;54.1;54.5;54.5;1,362,600.0
16/8/2024;54.1;54.3;53.9;54.1;54.1;1,439,100.0
15/8/2024;53.7;54.1;53.5;54.0;54.0;1,327,300.0
14/8/2024;53.4;53.9;53.2;53.5;53.5;1,622,700.0
13/8/2024;52.9;53.6;52.9;53.6;53.6;1,527,800.0
12/8/2024;52.5;52.5;52.1;52.2;52.2;1,444,900.0
9/8/2024;52.3;52.8;52.2;52.4;52.4;1,874,700.0
8/8/2024;51.8;52.4;51.7;52.1;52.1;1,925,500.0
7/8/2024;51.4;52.2;51.3;51.8;51.8;1,720,300.0
6/8/2024;50.6;51.3;50.5;51.0;51.0;1,597,800.0
5/8/2024;52.0;52.2;51.4;51.5;51.5;1,848,900.0
2/8/2024;53.2;53.4;52.2;53.1;53.1;2,499,200.0
1/8/2024;51.1;51.7;50.9;51.7;51.7;2,249,800.0
31/7/2024;51.7;51.9;51.5;51.8;51.8;1,787,800.0
30/7/2024;51.9;52.0;51.4;51.7;51.7;1,889,200.0
29/7/2024;52.0;52.1;51.4;52.1;52.1;2,927,300.0
26/7/2024;52.7;52.9;52.4;52.4;52.4;1,994,400.0
25/7/2024;52.7;53.4;52.6;53.1;53.1;4,689,000.0
24/7/2024;50.5;51.3;50.4;51.2;51.2;2,122,200.0
23/7/2024;50.6;50.6;50.2;50.4;50.4;1,140,800.0
22/7/2024;51.0;51.3;50.9;51.1;51.1;2,560,800.0
19/7/2024;50.2;50.6;50.0;50.6;50.6;2,087,300.0
18/7/2024;50.4;50.6;50.2;50.4;50.4;3,366,100.0
17/7/2024;49.8;50.5;49.8;50.2;50.2;1,918,600.0
16/7/2024;50.0;50.2;49.9;50.1;50.1;1,531,500.0
15/7/2024;50.9;51.0;50.1;50.2;50.2;1,913,200.0
12/7/2024;51.4;51.8;51.2;51.3;51.3;1,616,300.0
11/7/2024;51.4;51.5;50.9;51.2;51.2;1,785,700.0
10/7/2024;50.4;51.1;50.3;51.0;51.0;3,369,300.0
9/7/2024;49.7;50.1;49.6;50.1;50.1;3,091,400.0
8/7/2024;50.1;50.4;49.9;50.2;50.2;2,636,400.0
5/7/2024;49.4;49.8;49.0;49.7;49.7;2,902,400.0
3/7/2024;48.7;49.3;48.5;48.9;48.9;1,662,300.0
2/7/2024;48.9;48.9;48.5;48.5;48.5;2,653,900.0
1/7/2024;49.4;49.7;49.2;49.6;49.6;3,045,300.0
28/6/2024;48.1;49.0;48.1;48.5;48.5;3,048,900.0
27/6/2024;48.4;48.4;47.9;48.1;48.1;1,097,200.0
26/6/2024;48.2;48.9;48.2;48.3;48.3;4,095,600.0
25/6/2024;48.6;50.3;48.5;50.1;50.1;3,156,200.0
24/6/2024;48.4;49.2;48.4;49.0;49.0;5,560,200.0
21/6/2024;47.0;47.3;46.5;47.2;47.2;4,986,700.0
20/6/2024;46.9;47.2;46.8;46.9;46.9;2,627,600.0
18/6/2024;47.6;47.6;47.2;47.2;47.2;2,947,800.0
17/6/2024;46.7;47.3;46.4;47.3;47.3;2,578,100.0
14/6/2024;46.8;46.9;45.9;46.3;46.3;3,797,400.0
13/6/2024;47.4;47.6;47.1;47.5;47.5;2,244,700.0
12/6/2024;48.5;48.9;48.2;48.4;48.4;1,966,000.0
11/6/2024;48.2;48.6;48.0;48.5;48.5;5,399,100.0
10/6/2024;48.2;48.9;48.1;48.9;48.9;3,570,000.0
7/6/2024;49.3;49.4;48.9;49.0;49.0;1,284,200.0
6/6/2024;49.1;49.6;49.0;49.5;49.5;1,065,100.0
5/6/2024;49.6;49.8;49.1;49.1;49.1;1,956,200.0
4/6/2024;49.6;49.7;49.0;49.2;49.2;1,512,400.0
3/6/2024;48.5;49.4;48.5;49.3;49.3;1,976,000.0
31/5/2024;48.1;49.1;48.1;49.0;49.0;2,096,300.0
30/5/2024;47.7;48.2;47.5;47.8;47.8;1,167,900.0
29/5/2024;47.3;47.6;47.2;47.6;47.6;1,150,600.0
28/5/2024;48.4;48.5;47.8;47.9;47.9;1,804,500.0
24/5/2024;48.7;48.9;48.4;48.5;48.5;1,423,800.0
23/5/2024;49.5;49.6;48.6;49.0;49.0;2,781,500.0
22/5/2024;48.7;50.6;48.7;50.4;50.4;2,119,900.0
21/5/2024;48.6;49.0;48.6;49.0;49.0;725,500.0
20/5/2024;48.4;48.8;48.4;48.4;48.4;1,273,800.0
17/5/2024;48.6;48.7;48.3;48.7;48.7;838,700.0
16/5/2024;49.0;49.1;48.7;48.8;48.8;1,963,600.0
15/5/2024;49.5;49.7;48.8;49.0;49.0;4,258,000.0
14/5/2024;49.1;49.8;49.1;49.5;49.5;2,757,400.0
13/5/2024;49.8;50.3;49.8;50.2;50.2;1,254,400.0
10/5/2024;48.8;49.3;48.7;49.3;49.3;1,062,600.0
9/5/2024;48.2;48.8;48.1;48.7;48.7;1,122,000.0
8/5/2024;50.2;50.4;50.0;50.1;48.1;1,604,100.0
7/5/2024;49.4;49.8;49.4;49.6;47.6;1,243,300.0
6/5/2024;49.3;49.5;49.0;49.3;47.3;1,187,800.0
3/5/2024;49.5;49.6;49.0;49.0;47.0;1,113,900.0
2/5/2024;49.0;49.5;48.3;49.5;47.5;4,596,600.0
1/5/2024;49.2;50.4;48.9;50.0;48.0;1,363,500.0
30/4/2024;49.6;49.9;49.2;49.2;47.2;3,182,500.0
29/4/2024;49.2;49.5;49.0;49.1;47.1;3,286,200.0
26/4/2024;48.8;49.5;48.2;49.1;47.1;4,148,100.0
25/4/2024;48.8;49.8;48.7;49.4;47.4;6,469,800.0
24/4/2024;47.6;47.6;46.3;46.6;44.7;1,662,100.0
23/4/2024;47.1;48.4;47.0;47.7;45.8;1,664,900.0
22/4/2024;46.1;47.2;46.1;47.2;45.2;2,086,300.0
19/4/2024;45.9;46.7;45.8;46.3;44.4;3,272,000.0
18/4/2024;45.5;45.7;45.2;45.4;43.5;4,359,500.0
17/4/2024;46.3;46.4;45.9;46.1;44.2;3,714,900.0
16/4/2024;46.0;46.3;45.8;45.8;43.9;1,356,600.0
15/4/2024;46.8;46.9;46.0;46.2;44.4;1,997,200.0
12/4/2024;46.0;46.2;45.8;45.9;44.1;1,693,900.0
11/4/2024;47.4;47.5;46.3;46.6;44.7;1,217,900.0
10/4/2024;47.4;47.5;47.0;47.1;45.2;2,947,000.0
9/4/2024;47.1;47.6;47.1;47.5;45.6;3,324,800.0
8/4/2024;47.3;47.4;47.1;47.2;45.2;1,510,800.0
5/4/2024;46.9;47.4;46.9;47.3;45.3;1,289,300.0
4/4/2024;48.7;48.7;47.8;47.8;45.9;1,757,500.0
3/4/2024;48.0;48.3;47.8;48.0;46.0;1,362,600.0
2/4/2024;48.2;48.2;47.7;47.7;45.8;1,305,800.0
1/4/2024;49.1;49.1;48.0;48.3;46.3;1,297,700.0
28/3/2024;49.3;49.5;48.3;48.6;46.6;2,415,300.0
27/3/2024;49.7;49.9;49.5;49.5;47.5;2,529,800.0
26/3/2024;49.2;49.8;49.2;49.8;47.7;3,615,200.0
25/3/2024;48.2;50.5;48.2;49.4;47.4;3,649,400.0
22/3/2024;48.2;48.3;47.8;48.1;46.1;2,333,100.0
21/3/2024;47.4;47.8;47.4;47.7;45.8;1,581,000.0
20/3/2024;47.3;48.3;47.2;48.2;46.3;990,400.0
19/3/2024;47.3;47.5;47.2;47.5;45.6;633,700.0
18/3/2024;48.0;48.1;47.7;47.8;45.9;961,200.0
15/3/2024;48.4;48.5;48.1;48.3;46.3;1,267,100.0
14/3/2024;48.5;48.5;47.8;48.1;46.1;1,050,400.0
13/3/2024;48.3;48.5;48.2;48.2;46.3;804,300.0
12/3/2024;48.4;48.5;48.2;48.5;46.5;741,700.0
11/3/2024;48.4;48.5;48.1;48.4;46.4;794,600.0
8/3/2024;48.0;48.3;48.0;48.3;46.3;828,200.0
7/3/2024;48.1;48.3;47.9;48.1;46.1;670,500.0
6/3/2024;47.3;47.8;47.3;47.7;45.7;1,862,100.0
5/3/2024;47.6;47.7;47.4;47.5;45.6;1,976,700.0
4/3/2024;47.0;47.4;46.8;47.2;45.2;1,977,500.0
1/3/2024;47.4;47.5;47.1;47.3;45.4;2,931,300.0
29/2/2024;48.0;48.1;47.3;47.9;45.9;1,646,000.0
28/2/2024;48.1;48.9;47.9;48.0;46.1;1,347,300.0
27/2/2024;48.3;48.4;48.1;48.2;46.3;948,600.0
26/2/2024;48.9;48.9;48.2;48.2;46.2;1,207,100.0
23/2/2024;48.4;48.8;48.2;48.8;46.8;1,144,500.0
22/2/2024;47.9;48.2;47.7;47.8;45.9;2,068,400.0
21/2/2024;47.0;48.4;47.0;47.9;46.0;2,003,500.0
20/2/2024;47.4;47.7;46.8;46.9;45.0;2,320,700.0
16/2/2024;46.2;46.7;46.1;46.2;44.3;2,336,700.0
15/2/2024;46.3;46.6;46.3;46.4;44.5;1,931,400.0
14/2/2024;45.7;46.0;45.6;45.8;43.9;2,606,500.0
13/2/2024;46.2;46.3;45.6;45.8;43.9;2,405,200.0
12/2/2024;46.3;46.5;46.2;46.3;44.5;1,872,300.0
9/2/2024;46.6;46.8;46.4;46.5;44.6;2,694,200.0
8/2/2024;46.1;46.6;46.0;46.6;44.7;3,265,500.0
7/2/2024;47.2;47.2;46.9;46.9;45.0;1,518,000.0
6/2/2024;46.6;47.1;46.5;47.1;45.2;3,757,000.0
5/2/2024;47.1;47.2;46.7;47.0;45.0;2,169,700.0
2/2/2024;48.0;48.0;47.2;47.2;45.3;2,296,700.0
1/2/2024;48.5;49.0;48.2;48.4;46.4;3,197,100.0
31/1/2024;51.1;51.3;49.9;49.9;47.9;2,249,200.0
30/1/2024;50.3;50.4;50.0;50.3;48.2;1,060,900.0
29/1/2024;50.2;50.5;50.0;50.3;48.2;1,111,200.0
26/1/2024;50.2;50.3;49.8;50.1;48.1;1,036,200.0
25/1/2024;49.9;50.1;49.6;49.9;47.9;2,884,200.0
24/1/2024;50.6;50.8;49.8;49.9;47.9;2,119,500.0
23/1/2024;50.0;50.3;49.7;49.9;47.9;3,693,200.0
22/1/2024;51.2;51.5;50.8;50.8;48.8;2,076,400.0
19/1/2024;51.2;51.3;51.0;51.0;49.0;1,689,700.0
18/1/2024;51.1;51.9;50.9;51.9;49.8;1,244,500.0
17/1/2024;51.9;51.9;51.5;51.6;49.5;1,120,900.0
16/1/2024;51.8;52.0;51.5;51.6;49.5;1,498,400.0
12/1/2024;52.4;52.8;52.2;52.2;50.1;1,479,000.0
11/1/2024;52.4;52.5;52.0;52.5;50.4;2,200,500.0
10/1/2024;51.9;52.5;51.9;52.4;50.3;2,084,400.0
9/1/2024;51.9;52.1;51.7;51.8;49.7;2,062,100.0
8/1/2024;51.5;52.0;51.5;52.0;49.9;1,550,200.0
5/1/2024;50.9;51.6;50.8;51.2;49.1;1,905,400.0
4/1/2024;50.6;51.1;50.5;51.0;48.9;1,207,500.0
3/1/2024;50.0;50.8;49.9;50.6;48.6;1,466,000.0
2/1/2024;49.3;50.1;49.3;50.0;48.0;1,102,900.0
29/12/2023;49.6;49.9;49.4;49.7;47.7;639,000.0
28/12/2023;49.6;49.9;49.4;49.4;47.4;1,081,800.0
27/12/2023;49.4;50.0;49.3;49.8;47.7;979,700.0
26/12/2023;48.7;49.2;48.6;49.1;47.1;874,500.0
22/12/2023;49.2;49.4;48.7;48.7;46.8;979,100.0
21/12/2023;48.8;49.1;48.7;49.0;47.0;1,054,900.0
20/12/2023;48.8;49.1;48.2;48.2;46.3;1,487,200.0
19/12/2023;48.7;49.1;48.6;49.1;47.1;1,130,500.0
18/12/2023;48.5;48.8;48.2;48.5;46.6;1,551,900.0
15/12/2023;47.9;48.1;47.5;47.7;45.7;1,745,600.0
14/12/2023;48.3;48.8;48.1;48.2;46.3;2,726,700.0
13/12/2023;47.3;48.4;47.2;48.3;46.3;2,214,800.0
12/12/2023;47.6;47.6;47.3;47.3;45.4;1,093,300.0
11/12/2023;47.2;47.5;47.0;47.2;45.2;1,916,400.0
8/12/2023;46.2;46.5;46.1;46.3;44.4;1,334,100.0
7/12/2023;45.8;46.2;45.4;46.1;44.2;1,947,000.0
6/12/2023;46.3;46.6;46.0;46.0;44.1;1,441,500.0
5/12/2023;46.6;46.8;46.3;46.3;44.5;1,423,300.0
4/12/2023;46.8;47.2;46.6;47.0;45.1;1,468,700.0
1/12/2023;46.5;46.9;46.3;46.7;44.8;1,162,300.0
30/11/2023;46.1;46.8;46.0;46.8;44.9;1,518,800.0
29/11/2023;46.9;47.0;46.4;46.6;44.7;1,087,100.0
28/11/2023;47.0;47.4;46.9;47.0;45.1;1,144,100.0
27/11/2023;47.6;47.7;47.3;47.7;45.7;1,490,500.0
24/11/2023;47.1;47.3;47.0;47.2;45.3;640,500.0
22/11/2023;46.4;46.5;46.1;46.5;44.6;1,439,900.0
21/11/2023;46.5;46.9;46.5;46.6;44.7;895,200.0
20/11/2023;46.6;46.9;46.5;46.5;44.6;1,055,800.0
17/11/2023;46.8;47.0;46.5;47.0;45.1;1,284,600.0
16/11/2023;46.1;46.4;45.9;46.4;44.5;1,784,800.0
15/11/2023;45.3;46.2;45.1;45.4;43.6;2,373,200.0
14/11/2023;45.7;46.1;45.6;45.7;43.9;1,665,700.0
13/11/2023;45.4;45.7;45.1;45.5;43.7;2,289,500.0
10/11/2023;46.1;46.1;45.3;45.9;44.1;2,625,300.0
9/11/2023;46.2;46.2;45.5;45.5;43.6;3,271,400.0
8/11/2023;45.8;46.2;45.6;45.8;43.9;1,750,600.0
7/11/2023;45.1;45.4;45.0;45.2;43.4;1,364,000.0
6/11/2023;45.7;45.8;45.2;45.2;43.4;2,300,900.0
3/11/2023;45.5;46.2;45.2;45.8;43.9;2,379,500.0
2/11/2023;46.9;47.1;46.2;46.5;44.6;3,873,200.0
1/11/2023;45.6;46.4;45.5;46.3;44.5;2,884,100.0
31/10/2023;45.5;45.6;45.0;45.3;43.4;4,674,200.0
30/10/2023;44.4;45.0;44.1;44.9;43.0;4,807,800.0
27/10/2023;44.8;44.8;42.6;43.1;41.4;15,522,700.0
26/10/2023;53.2;53.8;52.7;53.3;51.2;3,422,600.0
25/10/2023;53.1;53.5;52.6;53.1;50.9;1,261,700.0
24/10/2023;52.2;52.5;52.1;52.3;50.2;915,300.0
23/10/2023;52.2;52.4;52.0;52.1;50.0;1,141,000.0
20/10/2023;52.3;52.5;52.1;52.1;49.9;1,043,200.0
19/10/2023;52.5;52.6;51.8;52.3;50.2;3,781,000.0
18/10/2023;53.8;53.9;52.5;52.6;50.5;3,429,400.0
17/10/2023;54.4;54.5;53.7;53.8;51.6;1,687,700.0
16/10/2023;54.6;54.8;54.5;54.6;52.4;527,300.0
13/10/2023;54.6;54.9;54.1;54.5;52.3;1,243,700.0
12/10/2023;54.9;55.0;54.5;54.8;52.6;1,111,900.0
11/10/2023;54.9;55.0;54.5;54.8;52.6;1,782,200.0
10/10/2023;54.2;54.7;54.1;54.5;52.2;2,587,800.0
9/10/2023;54.0;54.6;53.9;54.1;51.9;2,738,600.0
6/10/2023;53.8;54.1;53.3;53.9;51.7;1,837,300.0
5/10/2023;53.8;54.2;53.8;54.1;51.9;1,133,100.0
4/10/2023;53.9;53.9;53.3;53.8;51.6;1,843,900.0
3/10/2023;53.3;53.6;53.0;53.6;51.4;2,871,500.0
2/10/2023;54.1;54.1;53.2;53.6;51.4;1,849,100.0
29/9/2023;54.0;54.0;53.4;53.6;51.5;3,954,000.0
28/9/2023;53.1;53.3;52.7;53.0;50.9;1,858,300.0
27/9/2023;53.9;54.0;52.6;53.0;50.8;2,160,100.0
26/9/2023;54.2;54.5;54.1;54.2;52.0;746,200.0
25/9/2023;54.2;54.4;54.0;54.4;52.1;647,600.0
22/9/2023;54.1;54.4;54.0;54.0;51.8;948,400.0
21/9/2023;54.8;55.0;54.3;54.3;52.1;1,479,200.0
20/9/2023;55.4;55.7;55.1;55.2;53.0;2,498,200.0
19/9/2023;54.2;54.9;54.1;54.9;52.6;1,324,600.0
18/9/2023;54.5;54.5;53.9;54.1;51.9;1,136,400.0
15/9/2023;55.0;55.1;54.5;54.5;52.3;1,518,200.0
14/9/2023;54.4;54.8;54.3;54.6;52.3;1,017,700.0
13/9/2023;54.3;54.6;54.2;54.3;52.1;1,275,600.0
12/9/2023;54.8;54.9;54.3;54.7;52.5;1,708,400.0
11/9/2023;54.4;54.8;54.3;54.5;52.3;1,076,500.0
8/9/2023;53.6;53.9;53.4;53.6;51.4;714,600.0
7/9/2023;53.1;53.4;53.0;53.0;50.9;769,100.0
6/9/2023;52.7;52.8;52.5;52.7;50.5;1,043,300.0
5/9/2023;53.4;53.5;52.9;52.9;50.8;1,587,800.0
1/9/2023;53.9;53.9;53.0;53.1;51.0;640,200.0
31/8/2023;54.1;54.1;53.2;53.2;51.0;887,200.0
30/8/2023;54.3;54.4;54.1;54.1;51.9;521,300.0
29/8/2023;54.0;54.3;53.9;54.2;52.0;830,200.0
28/8/2023;53.7;53.9;53.6;53.8;51.6;475,000.0
25/8/2023;53.3;53.5;53.0;53.4;51.3;493,800.0
24/8/2023;53.1;53.4;52.9;53.0;50.8;1,534,300.0
23/8/2023;53.6;53.9;53.4;53.5;51.3;1,838,500.0
22/8/2023;54.1;54.2;53.9;54.0;51.8;1,916,600.0
21/8/2023;53.6;53.8;53.5;53.7;51.5;1,644,700.0
18/8/2023;53.1;53.4;53.1;53.3;51.1;791,400.0
17/8/2023;53.4;53.5;52.9;52.9;50.8;983,600.0
16/8/2023;52.4;52.7;52.4;52.4;50.3;751,600.0
15/8/2023;53.2;53.2;52.7;52.8;50.7;1,064,500.0
14/8/2023;53.0;53.3;52.9;53.3;51.1;1,181,600.0
11/8/2023;53.0;53.5;52.9;53.5;51.4;1,658,100.0
10/8/2023;53.4;54.0;53.4;53.7;51.5;1,222,900.0
9/8/2023;52.5;53.4;52.5;53.2;51.1;1,504,900.0
8/8/2023;52.2;52.7;52.1;52.7;50.5;1,628,200.0
7/8/2023;51.6;52.1;51.5;52.0;49.9;1,615,100.0
4/8/2023;51.4;51.9;51.4;51.7;49.6;1,417,200.0
3/8/2023;50.2;51.0;50.0;51.0;48.9;1,917,700.0
2/8/2023;52.1;52.3;51.5;51.5;49.4;1,256,300.0
1/8/2023;53.6;53.6;52.8;53.1;50.9;987,000.0
31/7/2023;53.7;53.8;53.2;53.4;51.2;1,335,000.0
28/7/2023;51.9;52.6;51.7;52.5;50.4;3,204,600.0
27/7/2023;53.6;53.9;53.5;53.5;51.4;1,392,100.0
26/7/2023;53.1;53.6;52.8;53.5;51.3;1,589,000.0
25/7/2023;53.7;54.0;53.7;53.8;51.6;1,208,400.0
24/7/2023;54.3;54.5;53.9;53.9;51.7;1,039,300.0
21/7/2023;54.9;55.0;54.6;55.0;52.7;1,557,200.0
20/7/2023;54.6;55.0;54.6;54.7;52.5;1,103,100.0
19/7/2023;53.8;54.1;53.6;53.8;51.6;784,600.0
18/7/2023;53.5;54.1;53.4;53.7;51.6;1,120,100.0
17/7/2023;52.9;53.0;52.7;52.9;50.7;1,214,800.0
14/7/2023;52.8;52.8;52.5;52.7;50.5;659,400.0
13/7/2023;52.6;52.6;51.9;52.1;50.0;867,700.0
12/7/2023;51.5;52.1;51.4;51.8;49.7;946,900.0
11/7/2023;51.8;52.0;51.6;51.7;49.6;853,900.0
10/7/2023;52.0;52.1;51.7;51.8;49.7;953,000.0
7/7/2023;51.8;51.9;51.3;51.3;49.2;1,043,800.0
6/7/2023;52.1;52.1;51.5;51.9;49.8;1,286,000.0
5/7/2023;53.3;53.3;53.0;53.0;50.8;940,000.0
3/7/2023;54.2;54.2;53.5;53.6;51.5;979,500.0
30/6/2023;53.4;53.9;53.4;53.9;51.7;1,835,200.0
29/6/2023;53.0;53.3;52.9;53.0;50.8;1,107,600.0
28/6/2023;54.0;54.1;53.7;53.7;51.6;1,397,000.0
27/6/2023;53.5;53.7;53.4;53.7;51.5;1,031,500.0
26/6/2023;53.7;53.7;53.0;53.5;51.3;934,400.0
23/6/2023;53.6;53.8;53.2;53.3;51.1;2,293,900.0
22/6/2023;53.6;53.7;53.3;53.3;51.1;1,260,900.0
21/6/2023;53.4;53.7;53.2;53.6;51.5;1,422,000.0
20/6/2023;53.5;53.5;53.1;53.1;50.9;1,709,700.0
16/6/2023;52.5;52.7;52.0;52.0;49.9;1,142,200.0
15/6/2023;51.4;51.8;51.1;51.8;49.7;1,650,800.0
14/6/2023;51.0;51.1;50.5;50.7;48.7;868,400.0
13/6/2023;50.7;50.9;50.4;50.5;48.5;873,400.0
12/6/2023;51.2;51.3;50.9;51.0;48.9;641,900.0
9/6/2023;51.2;51.3;51.1;51.2;49.2;574,900.0
8/6/2023;51.1;51.6;51.0;51.5;49.4;731,800.0
7/6/2023;51.4;51.4;50.8;50.9;48.8;724,500.0
6/6/2023;51.5;51.6;51.3;51.5;49.4;1,446,600.0
5/6/2023;51.0;51.1;50.8;50.8;48.8;806,300.0
2/6/2023;50.7;51.0;50.7;51.0;48.9;666,900.0
1/6/2023;50.3;50.7;50.2;50.5;48.4;1,252,600.0
31/5/2023;50.7;51.1;50.4;51.0;49.0;1,160,400.0
30/5/2023;51.0;51.0;50.4;50.5;48.4;1,199,400.0
26/5/2023;52.9;53.2;52.5;52.5;48.6;1,268,700.0
25/5/2023;53.3;53.3;52.2;52.6;48.6;1,493,800.0
24/5/2023;54.4;54.5;54.0;54.0;49.9;1,189,500.0
23/5/2023;54.4;54.7;54.2;54.4;50.3;1,193,900.0
22/5/2023;54.3;54.6;53.8;54.0;49.9;926,300.0
19/5/2023;54.6;55.2;54.6;55.0;50.9;1,613,100.0
18/5/2023;53.9;53.9;53.4;53.9;49.8;1,573,600.0
17/5/2023;53.9;53.9;53.3;53.7;49.6;1,475,500.0
16/5/2023;54.2;54.7;54.1;54.6;50.4;1,377,500.0
15/5/2023;54.3;54.5;53.9;54.5;50.4;1,763,200.0
12/5/2023;54.1;54.7;53.7;54.1;50.1;4,378,400.0
11/5/2023;54.0;54.4;53.9;54.4;50.3;1,887,000.0
10/5/2023;54.1;54.6;53.9;54.6;50.5;1,819,200.0
9/5/2023;55.1;55.3;55.0;55.1;51.0;696,700.0
8/5/2023;55.4;55.4;54.9;54.9;50.8;726,000.0
5/5/2023;55.3;55.9;54.9;55.8;51.6;983,400.0
4/5/2023;54.6;54.8;54.4;54.7;50.6;941,700.0
3/5/2023;53.8;54.5;53.7;54.2;50.1;1,894,900.0
2/5/2023;53.4;53.7;53.0;53.4;49.3;1,840,700.0
1/5/2023;53.9;54.0;53.4;53.4;49.4;1,324,400.0
28/4/2023;54.8;55.3;53.5;53.7;49.6;2,699,900.0
27/4/2023;55.8;56.3;55.6;56.1;51.9;1,791,300.0
26/4/2023;57.8;57.8;56.2;56.2;52.0;2,555,000.0
25/4/2023;57.5;57.6;57.0;57.2;52.9;1,333,300.0
24/4/2023;56.3;56.7;56.2;56.6;52.3;1,043,900.0
21/4/2023;56.4;56.8;56.2;56.7;52.4;1,621,400.0
20/4/2023;55.7;55.8;55.4;55.5;51.3;815,900.0
19/4/2023;55.7;55.9;55.4;55.7;51.5;2,590,900.0
18/4/2023;55.9;56.0;55.1;55.2;51.0;2,404,100.0
17/4/2023;56.2;56.2;55.8;55.9;51.7;1,150,300.0
14/4/2023;56.6;56.6;55.9;56.2;51.9;1,731,500.0
13/4/2023;56.1;56.3;56.0;56.1;51.9;1,362,300.0
12/4/2023;56.0;56.3;55.6;55.8;51.6;2,146,900.0
11/4/2023;55.7;55.7;55.1;55.2;51.1;2,034,900.0
10/4/2023;55.4;55.5;54.6;55.0;50.8;1,732,400.0
6/4/2023;55.8;56.1;55.7;55.9;51.7;2,686,200.0
5/4/2023;55.2;55.5;54.8;54.8;50.7;3,026,800.0
4/4/2023;54.2;54.7;54.1;54.2;50.1;3,207,600.0
3/4/2023;54.4;54.6;54.1;54.2;50.1;1,874,100.0
31/3/2023;54.4;54.5;54.2;54.4;50.3;2,034,600.0
30/3/2023;54.6;54.7;53.9;54.0;49.9;1,912,100.0
29/3/2023;54.7;54.8;54.4;54.5;50.3;1,870,000.0
28/3/2023;54.1;54.3;53.9;54.2;50.1;1,514,000.0
27/3/2023;53.0;53.3;52.7;53.2;49.2;1,755,600.0
24/3/2023;52.0;52.7;51.6;52.6;48.6;2,748,900.0
23/3/2023;52.0;52.3;51.4;51.7;47.8;6,019,000.0
22/3/2023;48.9;49.4;48.8;48.8;45.1;955,400.0
21/3/2023;48.9;48.9;48.4;48.6;44.9;1,116,500.0
20/3/2023;48.0;48.3;47.6;48.0;44.4;2,232,000.0
17/3/2023;47.8;47.9;47.5;47.7;44.1;1,335,200.0
16/3/2023;47.7;48.2;47.4;48.1;44.5;1,287,600.0
15/3/2023;47.0;47.7;47.0;47.6;44.0;994,400.0
14/3/2023;47.6;47.9;47.3;47.9;44.3;2,219,800.0
13/3/2023;47.2;47.8;47.0;47.0;43.5;1,536,700.0
10/3/2023;47.6;48.0;47.2;47.3;43.7;1,281,800.0
9/3/2023;47.7;47.8;47.0;47.1;43.5;1,152,100.0
8/3/2023;47.6;47.7;47.1;47.2;43.7;1,138,600.0
7/3/2023;48.0;48.1;47.3;47.6;44.0;1,195,200.0
6/3/2023;47.6;48.0;47.5;47.7;44.1;734,200.0
3/3/2023;47.5;47.8;47.3;47.8;44.2;2,033,400.0
2/3/2023;46.9;47.6;46.8;47.6;44.0;1,163,600.0
1/3/2023;47.3;47.3;47.0;47.0;43.5;1,252,700.0
28/2/2023;47.4;47.4;46.9;46.9;43.3;1,072,800.0
27/2/2023;48.1;48.4;47.8;47.9;44.2;1,398,900.0
24/2/2023;47.9;48.0;47.3;47.7;44.1;2,576,700.0
23/2/2023;47.7;48.3;47.4;48.3;44.7;3,269,600.0
22/2/2023;48.1;48.2;47.8;48.0;44.4;1,611,300.0
21/2/2023;47.7;47.9;47.4;47.6;44.0;829,700.0
17/2/2023;47.4;47.7;47.3;47.7;44.1;1,065,200.0
16/2/2023;47.0;47.1;46.7;46.8;43.3;932,700.0
15/2/2023;47.4;47.4;47.0;47.3;43.7;1,356,600.0
14/2/2023;47.5;47.8;47.2;47.6;44.0;1,329,800.0
13/2/2023;47.1;47.4;46.8;47.4;43.8;1,472,600.0
10/2/2023;47.6;47.7;47.1;47.5;44.0;2,559,000.0
9/2/2023;48.3;48.4;47.8;48.1;44.5;2,461,200.0
8/2/2023;47.7;47.8;47.4;47.7;44.1;2,256,700.0
7/2/2023;46.3;47.1;46.2;47.0;43.4;2,424,800.0
6/2/2023;45.5;46.0;45.3;45.9;42.4;2,891,700.0
3/2/2023;46.0;46.9;45.8;46.0;42.6;3,503,300.0
2/2/2023;47.8;47.9;47.1;47.2;43.7;2,136,300.0
1/2/2023;48.6;48.9;48.1;48.8;45.1;1,434,400.0
31/1/2023;48.8;49.2;48.6;49.1;45.4;1,327,500.0
30/1/2023;49.0;49.1;48.5;48.6;44.9;2,062,000.0
27/1/2023;48.5;48.8;48.3;48.5;44.8;1,063,000.0
26/1/2023;49.2;49.2;48.7;48.8;45.1;2,238,800.0
25/1/2023;48.6;49.1;48.6;48.9;45.2;1,688,600.0
24/1/2023;48.6;48.6;48.2;48.5;44.9;3,687,300.0
23/1/2023;48.8;49.0;48.6;48.6;45.0;2,880,500.0
20/1/2023;49.2;49.3;48.9;49.1;45.4;1,540,800.0
19/1/2023;49.3;49.9;48.9;49.4;45.7;2,272,000.0
18/1/2023;49.7;49.8;49.2;49.2;45.5;1,443,300.0
17/1/2023;49.8;49.9;49.6;49.8;46.1;2,180,800.0
13/1/2023;49.2;49.6;49.2;49.3;45.6;2,163,300.0
12/1/2023;48.4;49.4;48.1;49.4;45.6;3,123,700.0
11/1/2023;48.6;48.9;48.2;48.7;45.1;4,722,600.0
10/1/2023;48.4;48.9;48.2;48.8;45.1;3,560,200.0
9/1/2023;48.7;49.0;48.2;48.5;44.9;4,367,100.0
6/1/2023;47.7;48.5;47.5;48.1;44.5;1,964,100.0
5/1/2023;47.8;47.9;47.4;47.8;44.2;2,483,000.0
4/1/2023;49.3;49.3;48.5;48.7;45.1;2,013,800.0
3/1/2023;48.4;49.1;48.3;49.0;45.3;2,095,000.0
30/12/2022;48.2;48.6;47.9;48.4;44.8;1,302,700.0
29/12/2022;48.4;48.6;48.3;48.6;44.9;1,198,700.0
28/12/2022;48.1;48.2;47.7;47.8;44.2;869,200.0
27/12/2022;48.3;48.4;48.0;48.1;44.5;1,387,200.0
23/12/2022;48.1;48.6;47.9;48.5;44.9;1,403,000.0
22/12/2022;48.2;48.4;47.9;48.2;44.6;1,461,000.0
21/12/2022;48.3;48.7;48.0;48.3;44.6;2,254,100.0
20/12/2022;47.0;47.4;47.0;47.2;43.6;1,569,000.0
19/12/2022;47.0;47.3;46.8;47.0;43.4;2,139,300.0
16/12/2022;46.5;47.1;46.2;47.0;43.4;2,902,300.0
15/12/2022;47.6;47.8;47.1;47.2;43.6;1,984,500.0
14/12/2022;47.6;48.2;47.3;48.0;44.3;1,785,700.0
13/12/2022;47.5;47.7;47.0;47.0;43.5;2,215,600.0
12/12/2022;46.8;47.0;46.4;46.7;43.1;2,745,200.0
9/12/2022;46.7;46.9;46.2;46.3;42.8;2,920,900.0
8/12/2022;46.9;47.2;46.7;46.9;43.4;4,012,200.0
7/12/2022;47.5;48.1;47.4;47.9;44.3;5,419,400.0
6/12/2022;45.1;49.8;44.5;48.6;44.9;11,620,000.0
5/12/2022;44.9;45.2;44.9;44.9;41.5;1,551,100.0
2/12/2022;45.2;45.3;44.8;45.0;41.6;1,966,900.0
1/12/2022;45.9;46.0;45.6;45.9;42.4;1,990,600.0
30/11/2022;44.6;45.4;44.2;45.4;41.9;1,891,100.0
29/11/2022;45.8;46.0;45.6;45.9;42.4;1,353,800.0
28/11/2022;45.7;45.9;45.5;45.5;42.1;1,675,300.0
25/11/2022;45.2;45.6;45.2;45.4;42.0;686,600.0
23/11/2022;44.9;45.1;44.6;45.0;41.6;2,730,400.0
22/11/2022;44.9;45.1;44.7;45.1;41.7;2,757,600.0
21/11/2022;44.7;45.0;44.5;44.7;41.4;2,129,900.0
18/11/2022;44.3;44.7;44.1;44.5;41.2;2,115,000.0
17/11/2022;43.2;44.0;43.2;43.7;40.4;1,255,800.0
16/11/2022;44.2;44.4;43.8;43.9;40.6;4,524,600.0
15/11/2022;44.0;44.1;43.1;43.6;40.3;3,246,000.0
14/11/2022;43.4;43.7;43.2;43.2;40.0;3,003,500.0
11/11/2022;43.1;43.2;42.2;42.8;39.6;5,337,100.0
10/11/2022;44.7;44.7;43.8;44.3;41.0;2,140,800.0
9/11/2022;43.4;43.7;43.3;43.3;40.1;1,441,900.0
8/11/2022;43.1;43.8;43.1;43.4;40.2;1,719,400.0
7/11/2022;43.1;43.6;43.0;43.5;40.2;2,537,600.0
4/11/2022;43.4;43.8;43.0;43.6;40.3;1,618,400.0
3/11/2022;42.4;43.0;42.3;42.8;39.6;2,513,700.0
2/11/2022;43.4;43.7;42.9;42.9;39.7;3,063,900.0
1/11/2022;43.2;43.3;42.7;43.0;39.8;1,898,200.0
31/10/2022;43.0;43.6;43.0;43.2;40.0;4,972,400.0
28/10/2022;42.7;43.2;42.6;43.1;39.8;3,167,600.0
27/10/2022;41.8;42.1;41.5;41.6;38.4;3,560,400.0
26/10/2022;41.6;42.1;41.6;41.9;38.7;2,333,200.0
25/10/2022;40.8;41.3;40.7;41.3;38.2;2,400,900.0
24/10/2022;40.5;40.9;40.4;40.8;37.7;2,808,400.0
21/10/2022;39.7;40.6;39.5;40.4;37.4;2,015,200.0
20/10/2022;39.5;39.8;39.5;39.6;36.6;4,224,800.0
19/10/2022;40.0;40.1;39.5;39.6;36.7;6,799,900.0
18/10/2022;40.6;40.6;39.9;40.1;37.0;3,388,400.0
17/10/2022;40.2;40.6;40.1;40.4;37.4;2,013,300.0
14/10/2022;40.0;40.2;39.5;39.6;36.6;4,564,300.0
13/10/2022;38.8;40.0;38.8;39.9;36.9;1,178,800.0
12/10/2022;39.5;39.8;39.2;39.2;36.3;1,584,700.0
11/10/2022;39.3;40.3;39.2;39.7;36.7;3,610,600.0
10/10/2022;38.8;39.3;38.7;39.1;36.2;2,410,400.0
7/10/2022;39.2;39.4;38.8;38.9;35.9;2,697,200.0
6/10/2022;39.0;39.1;38.7;38.9;36.0;4,376,100.0
5/10/2022;39.6;40.0;39.5;39.8;36.8;3,000,500.0
4/10/2022;39.7;40.2;39.5;40.1;37.1;3,044,400.0
3/10/2022;38.7;39.2;38.5;39.2;36.2;2,732,100.0
30/9/2022;38.2;38.6;38.0;38.0;35.2;2,929,400.0
29/9/2022;37.8;38.4;37.5;38.0;35.1;7,098,400.0
28/9/2022;37.8;38.3;37.6;38.2;35.3;4,724,400.0
27/9/2022;37.5;37.7;37.1;37.2;34.4;6,158,300.0
26/9/2022;37.5;37.6;36.9;37.3;34.4;6,805,600.0
23/9/2022;38.4;38.8;38.0;38.4;35.5;3,399,900.0
22/9/2022;39.1;39.3;38.7;39.1;36.2;3,009,600.0
21/9/2022;39.4;39.4;38.7;38.8;35.8;2,316,500.0
20/9/2022;39.9;40.2;39.7;39.9;36.9;1,365,200.0
19/9/2022;40.3;40.6;40.1;40.6;37.5;1,764,500.0
16/9/2022;40.3;41.1;40.3;40.8;37.7;1,601,700.0
15/9/2022;40.5;40.9;40.5;40.7;37.6;2,210,000.0
14/9/2022;40.4;40.5;39.9;40.1;37.0;1,782,900.0
13/9/2022;40.9;41.0;40.5;40.5;37.5;1,451,000.0
12/9/2022;41.3;41.8;41.3;41.5;38.4;1,396,300.0
9/9/2022;40.8;41.0;40.6;40.8;37.7;1,138,100.0
8/9/2022;39.9;40.3;39.7;40.1;37.1;2,086,300.0
7/9/2022;39.9;40.6;39.9;40.5;37.4;2,540,700.0
6/9/2022;39.9;40.0;39.5;39.6;36.6;2,419,100.0
2/9/2022;40.5;40.9;40.0;40.1;37.1;1,809,800.0
1/9/2022;40.4;40.6;40.1;40.4;37.4;2,002,600.0
31/8/2022;41.6;41.8;41.0;41.0;37.9;1,729,900.0
30/8/2022;41.2;41.6;41.1;41.2;38.1;2,406,500.0
29/8/2022;41.0;41.1;40.7;40.7;37.6;2,937,900.0
26/8/2022;41.6;41.6;40.7;40.8;37.7;5,433,700.0
25/8/2022;40.1;40.5;39.9;40.5;37.4;3,473,200.0
24/8/2022;40.4;40.6;40.2;40.6;37.5;2,608,500.0
23/8/2022;41.0;41.1;40.6;40.7;37.7;2,298,600.0
22/8/2022;41.2;41.3;40.7;41.0;37.9;4,438,000.0
19/8/2022;41.0;41.5;40.9;41.3;38.2;4,010,100.0
18/8/2022;41.5;41.5;40.9;41.2;38.1;4,301,900.0
17/8/2022;42.2;42.6;41.3;42.2;39.0;11,000,000.0
16/8/2022;43.7;44.9;43.4;44.8;41.4;3,766,500.0
15/8/2022;43.7;44.1;43.1;43.8;40.5;3,066,400.0
12/8/2022;44.0;44.6;43.7;44.4;41.0;4,732,300.0
11/8/2022;42.0;44.3;42.0;43.4;40.2;21,753,500.0
10/8/2022;46.9;46.9;43.2;45.2;41.8;9,931,900.0
9/8/2022;48.8;49.0;48.6;48.7;45.0;2,725,800.0
8/8/2022;49.2;49.5;49.0;49.1;45.4;1,410,000.0
5/8/2022;49.2;49.8;49.2;49.7;46.0;860,500.0
4/8/2022;49.5;49.5;49.0;49.2;45.5;1,036,800.0
3/8/2022;49.5;49.5;48.8;48.8;45.2;1,794,500.0
2/8/2022;49.6;49.8;48.7;48.8;45.1;1,522,900.0
1/8/2022;49.0;49.3;48.5;48.9;45.2;2,786,700.0
29/7/2022;50.0;50.1;49.3;49.7;46.0;2,297,500.0
28/7/2022;50.6;50.9;50.0;50.9;47.1;2,712,300.0
27/7/2022;50.2;51.0;49.9;50.9;47.1;1,317,300.0
26/7/2022;50.2;50.7;50.2;50.4;46.6;1,088,100.0
25/7/2022;50.4;50.5;50.0;50.3;46.5;2,655,100.0
22/7/2022;49.5;49.9;49.4;49.8;46.1;1,402,800.0
21/7/2022;49.2;50.0;49.1;50.0;46.2;1,649,200.0
20/7/2022;51.0;51.0;49.9;49.9;46.1;1,435,600.0
19/7/2022;51.3;51.7;51.1;51.6;47.7;986,300.0
18/7/2022;50.9;51.1;50.0;50.2;46.4;1,129,000.0
15/7/2022;49.8;50.6;49.7;50.5;46.7;1,485,500.0
14/7/2022;48.9;49.5;48.6;49.5;45.7;1,207,500.0
13/7/2022;49.4;50.1;49.4;49.8;46.1;2,167,900.0
12/7/2022;50.1;50.5;50.0;50.2;46.4;1,965,800.0
11/7/2022;50.2;50.7;50.2;50.3;46.5;1,047,500.0
8/7/2022;50.1;50.6;49.9;50.2;46.4;1,356,200.0
7/7/2022;50.1;50.4;50.0;50.2;46.4;1,576,800.0
6/7/2022;49.9;50.1;49.6;50.0;46.3;2,225,800.0
5/7/2022;50.1;50.3;49.6;50.2;46.4;1,491,500.0
1/7/2022;50.3;51.0;50.2;51.0;47.2;7,623,100.0
30/6/2022;50.2;50.7;49.8;50.0;46.3;6,815,100.0
29/6/2022;52.6;52.9;52.5;52.7;48.7;1,813,800.0
28/6/2022;52.6;52.6;51.9;52.1;48.2;985,700.0
27/6/2022;52.9;53.0;52.5;52.6;48.6;1,745,400.0
24/6/2022;52.4;53.6;52.2;53.4;49.4;4,596,200.0
23/6/2022;50.4;50.7;50.2;50.4;46.6;1,540,000.0
22/6/2022;49.7;50.7;49.7;50.2;46.4;1,559,500.0
21/6/2022;50.0;50.2;49.4;49.5;45.8;1,456,500.0
17/6/2022;49.2;49.6;49.0;49.2;45.5;2,288,000.0
16/6/2022;48.7;49.5;48.5;49.3;45.6;2,660,000.0
15/6/2022;48.9;49.2;48.4;49.0;45.3;2,085,000.0
14/6/2022;49.5;49.6;48.8;49.1;45.4;1,299,200.0
13/6/2022;50.2;50.4;49.8;49.9;46.2;2,077,300.0
10/6/2022;51.0;51.3;50.7;50.9;47.1;1,217,300.0
9/6/2022;52.7;52.9;52.0;52.0;48.1;1,276,400.0
8/6/2022;53.1;53.4;52.8;52.9;48.9;2,356,800.0
7/6/2022;53.2;53.8;53.2;53.7;49.6;2,318,100.0
6/6/2022;54.0;54.0;53.2;53.2;49.2;2,642,800.0
3/6/2022;53.6;53.7;53.3;53.5;49.5;1,816,200.0
2/6/2022;53.7;53.7;53.1;53.4;49.4;3,103,100.0
1/6/2022;53.7;53.8;52.8;53.2;49.2;2,543,500.0
31/5/2022;53.0;53.7;52.7;53.3;49.2;5,705,600.0
27/5/2022;54.9;55.2;54.6;55.2;51.0;3,652,700.0
26/5/2022;55.4;55.7;55.3;55.5;51.3;1,883,800.0
25/5/2022;55.6;56.0;55.6;55.9;51.4;2,675,800.0
24/5/2022;55.5;56.4;55.5;56.3;51.8;3,023,800.0
23/5/2022;54.9;55.9;54.8;55.4;51.0;3,322,100.0
20/5/2022;54.0;54.6;53.8;54.4;50.0;1,938,700.0
19/5/2022;52.8;53.5;52.8;53.1;48.8;2,017,900.0
18/5/2022;53.4;53.4;52.4;52.4;48.2;1,012,800.0
17/5/2022;52.8;53.1;52.6;52.9;48.7;1,750,500.0
16/5/2022;52.0;52.6;51.9;52.6;48.3;1,333,700.0
13/5/2022;51.7;52.4;51.7;52.0;47.9;2,022,500.0
12/5/2022;51.0;51.3;50.8;51.2;47.1;3,439,100.0
11/5/2022;51.5;52.3;50.7;50.7;46.7;2,593,300.0
10/5/2022;51.6;52.3;51.5;52.2;48.0;4,041,600.0
9/5/2022;51.0;51.8;50.8;50.9;46.8;1,865,800.0
6/5/2022;51.4;52.3;51.1;51.4;47.3;2,741,200.0
5/5/2022;51.8;52.1;51.1;51.5;47.3;2,403,300.0
4/5/2022;51.4;52.5;51.1;52.5;48.3;2,344,500.0
3/5/2022;53.3;53.7;53.1;53.4;47.5;2,990,900.0
2/5/2022;52.8;53.2;52.3;53.1;47.2;2,096,300.0
29/4/2022;53.9;54.2;52.3;52.3;46.5;2,657,900.0
28/4/2022;52.9;54.7;52.7;54.4;48.4;3,030,900.0
27/4/2022;54.2;54.8;53.8;54.3;48.3;1,922,000.0
26/4/2022;53.9;54.3;53.7;53.9;48.0;1,947,200.0
25/4/2022;54.1;54.6;53.9;54.5;48.5;1,884,200.0
22/4/2022;55.2;55.2;54.2;54.2;48.3;1,348,000.0
21/4/2022;56.1;56.2;55.2;55.2;49.1;2,423,500.0
20/4/2022;55.1;55.9;54.9;55.9;49.7;4,130,200.0
19/4/2022;55.2;55.6;55.1;55.2;49.1;1,201,400.0
18/4/2022;55.8;55.9;55.2;55.2;49.1;733,800.0
14/4/2022;55.6;55.9;55.4;55.8;49.6;1,589,700.0
13/4/2022;56.4;56.7;56.1;56.7;50.4;1,799,300.0
12/4/2022;56.0;56.3;55.5;55.7;49.6;2,700,300.0
11/4/2022;57.9;58.1;57.4;57.5;51.1;2,516,800.0
8/4/2022;55.3;57.1;55.3;56.8;50.5;4,472,000.0
7/4/2022;54.2;55.7;54.1;55.5;49.4;5,275,500.0
6/4/2022;53.3;54.2;53.2;54.1;48.2;2,012,800.0
5/4/2022;52.2;53.3;52.2;52.9;47.1;2,511,000.0
4/4/2022;51.9;52.7;51.8;52.6;46.8;1,773,000.0
1/4/2022;51.6;52.3;51.5;52.2;46.4;2,026,900.0
31/3/2022;51.7;52.0;51.3;51.3;45.7;1,702,200.0
30/3/2022;51.6;52.2;51.5;51.6;45.9;1,857,500.0
29/3/2022;51.3;51.5;50.7;51.4;45.7;2,319,400.0
28/3/2022;51.5;51.9;51.4;51.8;46.1;1,360,100.0
25/3/2022;51.3;51.6;51.1;51.5;45.8;2,046,200.0
24/3/2022;51.5;51.6;51.2;51.2;45.5;1,079,800.0
23/3/2022;51.5;51.8;51.4;51.6;45.9;2,476,300.0
22/3/2022;51.7;52.1;51.5;51.7;46.0;1,064,400.0
21/3/2022;51.5;51.9;50.9;51.0;45.3;2,154,900.0
18/3/2022;51.6;52.2;51.6;52.1;46.3;2,048,300.0
17/3/2022;51.9;53.0;51.9;52.6;46.8;1,131,600.0
16/3/2022;51.9;52.4;51.1;51.9;46.2;1,588,700.0
15/3/2022;51.5;51.9;51.0;51.8;46.1;1,648,300.0
14/3/2022;49.9;51.2;49.9;50.3;44.8;2,949,100.0
11/3/2022;51.5;51.7;50.7;50.7;45.1;1,239,000.0
10/3/2022;51.0;51.8;51.0;51.4;45.7;1,226,400.0
9/3/2022;51.0;52.3;50.8;51.9;46.2;2,216,000.0
8/3/2022;50.1;50.9;49.4;50.2;44.7;2,329,600.0
7/3/2022;48.8;49.0;48.2;48.6;43.2;3,528,900.0
4/3/2022;48.2;48.6;47.7;48.5;43.1;3,394,100.0
3/3/2022;50.5;50.8;49.7;50.2;44.6;3,341,000.0
2/3/2022;50.4;51.1;50.4;51.1;45.4;1,856,900.0
1/3/2022;51.4;52.0;50.6;51.1;45.4;1,850,000.0
28/2/2022;52.1;52.6;51.9;52.5;46.7;1,265,900.0
25/2/2022;52.3;53.1;52.3;53.1;47.2;1,822,900.0
24/2/2022;50.4;51.4;49.9;51.2;45.6;4,110,000.0
23/2/2022;53.2;53.2;52.4;52.5;46.7;1,851,500.0
22/2/2022;51.8;52.3;51.7;52.1;46.3;918,400.0
18/2/2022;52.6;53.0;52.3;52.5;46.7;1,448,000.0
17/2/2022;52.8;53.2;52.5;52.9;47.0;1,265,800.0
16/2/2022;53.0;53.8;53.0;53.5;47.6;1,778,200.0
15/2/2022;52.8;53.3;52.7;53.0;47.2;1,890,100.0
14/2/2022;52.5;52.6;51.9;52.3;46.5;1,244,100.0
11/2/2022;53.4;53.8;52.7;52.7;46.9;3,687,400.0
10/2/2022;52.9;53.5;52.8;52.9;47.1;3,182,000.0
9/2/2022;53.4;53.7;53.3;53.7;47.7;1,338,400.0
8/2/2022;53.6;53.9;53.2;53.6;47.7;1,798,500.0
7/2/2022;52.8;53.5;52.7;53.1;47.2;3,241,300.0
4/2/2022;50.9;52.2;50.8;52.1;46.3;2,891,200.0
3/2/2022;52.2;52.5;51.9;52.5;46.7;1,491,500.0
2/2/2022;52.2;52.7;51.9;52.5;46.7;1,159,300.0
1/2/2022;51.5;51.7;51.3;51.6;45.9;1,234,100.0
31/1/2022;51.8;52.2;51.7;52.0;46.3;1,557,800.0
28/1/2022;52.3;52.8;52.2;52.7;46.9;1,309,000.0
27/1/2022;52.2;53.0;52.2;52.9;47.0;2,448,600.0
26/1/2022;51.9;52.0;51.0;51.3;45.7;2,744,800.0
25/1/2022;50.9;51.8;50.4;51.4;45.7;1,412,200.0
24/1/2022;50.9;50.9;49.9;50.8;45.2;2,113,400.0
21/1/2022;52.1;52.3;51.1;51.2;45.6;1,556,100.0
20/1/2022;52.4;52.9;52.1;52.1;46.3;2,094,400.0
19/1/2022;51.8;52.2;51.8;52.1;46.3;1,088,100.0
18/1/2022;52.6;52.6;51.7;52.2;46.4;1,620,600.0
14/1/2022;51.5;52.2;51.5;51.9;46.2;1,980,100.0
13/1/2022;51.0;51.1;50.7;50.7;45.1;1,172,100.0
12/1/2022;51.4;51.7;51.2;51.5;45.8;1,522,800.0
11/1/2022;50.9;51.4;50.8;51.4;45.7;1,467,800.0
10/1/2022;50.2;51.5;50.1;51.5;45.8;1,885,300.0
7/1/2022;50.2;50.7;50.0;50.2;44.7;1,695,400.0
6/1/2022;50.3;50.3;49.6;49.6;44.1;907,100.0
5/1/2022;50.1;50.3;49.7;49.7;44.2;1,189,600.0
4/1/2022;49.6;49.9;49.5;49.7;44.2;1,310,000.0
3/1/2022;50.7;50.8;50.3;50.7;45.1;963,400.0
31/12/2021;50.4;50.5;50.1;50.1;44.6;666,000.0
30/12/2021;50.5;50.7;50.3;50.4;44.9;687,000.0
29/12/2021;50.3;50.5;50.3;50.5;44.9;811,300.0
28/12/2021;50.3;50.4;50.1;50.2;44.7;905,300.0
27/12/2021;50.2;50.6;50.1;50.5;44.9;859,600.0
23/12/2021;49.7;50.0;49.7;49.8;44.3;1,227,200.0
22/12/2021;49.3;49.8;49.2;49.7;44.2;557,700.0
21/12/2021;49.3;49.7;49.2;49.6;44.1;1,233,300.0
20/12/2021;49.1;49.2;48.8;49.0;43.6;1,216,700.0
17/12/2021;49.3;49.4;48.6;48.9;43.5;1,563,600.0
16/12/2021;49.1;49.6;49.0;49.3;43.9;2,513,100.0
15/12/2021;48.4;49.4;48.3;49.3;43.9;4,029,200.0
14/12/2021;48.4;48.6;48.1;48.1;42.7;1,941,300.0
13/12/2021;48.6;49.1;48.6;48.8;43.4;1,477,600.0
10/12/2021;48.8;49.1;48.5;49.1;43.7;4,233,200.0
9/12/2021;47.8;47.8;47.2;47.3;42.1;1,031,700.0
8/12/2021;48.2;48.2;47.8;48.0;42.7;978,200.0
7/12/2021;47.4;48.0;47.4;47.9;42.6;1,419,700.0
6/12/2021;47.5;47.8;47.4;47.6;42.3;1,237,900.0
3/12/2021;47.4;47.5;46.9;47.1;41.9;2,043,200.0
2/12/2021;48.0;48.0;47.5;47.7;42.4;1,693,100.0
1/12/2021;48.0;48.7;47.7;48.1;42.8;2,242,500.0
30/11/2021;48.1;48.3;47.3;47.6;42.3;1,659,000.0
29/11/2021;48.2;48.6;48.0;48.2;42.9;2,180,000.0
26/11/2021;48.7;48.7;48.0;48.3;43.0;1,479,200.0
24/11/2021;49.0;49.2;48.8;49.1;43.7;1,826,000.0
23/11/2021;49.7;50.0;49.6;49.9;44.4;1,076,600.0
22/11/2021;49.9;50.6;49.9;50.0;44.5;2,662,600.0
19/11/2021;50.4;50.7;50.3;50.6;45.0;2,197,500.0
18/11/2021;50.4;50.5;50.0;50.2;44.6;1,945,200.0
17/11/2021;51.2;51.3;51.0;51.0;45.4;1,017,800.0
16/11/2021;51.2;51.3;50.9;50.9;45.3;788,400.0
15/11/2021;51.2;51.4;51.0;51.1;45.5;1,256,500.0
12/11/2021;51.2;51.2;50.8;50.8;45.2;1,064,200.0
11/11/2021;51.5;51.6;51.3;51.6;45.9;606,300.0
10/11/2021;51.8;51.9;51.2;51.3;45.7;1,134,200.0
9/11/2021;51.5;51.6;51.2;51.3;45.6;1,291,500.0
8/11/2021;51.2;51.5;51.0;51.1;45.5;865,600.0
5/11/2021;51.1;51.4;51.0;51.3;45.6;1,253,800.0
4/11/2021;52.0;52.0;51.4;51.8;46.1;879,900.0
3/11/2021;52.2;52.6;52.2;52.4;46.6;2,008,500.0
2/11/2021;52.1;52.3;51.6;51.9;46.2;1,751,200.0
1/11/2021;50.8;51.4;50.8;51.3;45.6;1,535,400.0
29/10/2021;50.1;50.8;49.8;50.4;44.9;3,117,300.0
28/10/2021;50.0;50.6;50.0;50.1;44.6;2,499,300.0
27/10/2021;50.1;50.1;49.6;49.6;44.1;2,130,600.0
26/10/2021;49.6;50.1;49.6;50.0;44.4;1,754,100.0
25/10/2021;49.9;50.0;49.5;49.8;44.3;1,630,300.0
22/10/2021;49.4;50.2;49.4;49.9;44.4;2,157,400.0
21/10/2021;49.0;49.2;48.8;49.2;43.8;1,271,200.0
20/10/2021;49.2;49.5;48.9;49.1;43.6;3,034,100.0
19/10/2021;47.4;48.2;47.3;48.1;42.8;1,552,500.0
18/10/2021;48.2;48.2;47.9;48.0;42.7;1,078,400.0
15/10/2021;48.4;49.0;48.4;48.9;43.5;1,219,200.0
14/10/2021;48.8;48.8;48.6;48.6;43.2;775,200.0
13/10/2021;48.1;48.6;48.0;48.2;42.9;1,387,500.0
12/10/2021;48.3;48.4;48.0;48.3;43.0;1,230,100.0
11/10/2021;49.0;49.1;48.7;48.7;43.3;721,400.0
8/10/2021;48.9;49.0;48.7;49.0;43.6;1,059,300.0
7/10/2021;48.3;48.8;48.3;48.6;43.2;803,000.0
6/10/2021;47.9;48.3;47.7;48.2;42.9;1,216,600.0
5/10/2021;48.3;48.6;48.2;48.3;43.0;1,073,200.0
4/10/2021;48.3;48.7;48.2;48.4;43.0;1,293,200.0
1/10/2021;48.0;48.1;47.7;47.9;42.6;1,063,800.0
30/9/2021;48.4;48.5;48.0;48.2;42.9;1,946,700.0
29/9/2021;48.4;48.9;48.3;48.4;43.0;1,442,400.0
28/9/2021;48.2;48.2;47.7;47.9;42.6;1,111,200.0
27/9/2021;48.3;48.3;47.9;48.1;42.8;1,863,900.0
24/9/2021;48.2;48.3;47.9;47.9;42.7;3,210,700.0
23/9/2021;48.6;48.9;48.6;48.7;43.3;1,746,700.0
22/9/2021;48.7;48.7;48.4;48.5;43.1;1,257,200.0
21/9/2021;48.2;48.5;48.1;48.2;42.9;1,146,000.0
20/9/2021;47.6;48.3;47.6;47.9;42.6;1,983,000.0
17/9/2021;48.2;48.4;47.7;48.4;43.0;7,606,500.0
16/9/2021;48.4;48.5;48.1;48.2;42.9;1,057,700.0
15/9/2021;48.3;48.3;48.0;48.0;42.7;2,182,500.0
14/9/2021;48.6;48.6;48.3;48.3;43.0;1,207,100.0
13/9/2021;48.4;48.4;48.0;48.2;42.9;3,594,500.0
10/9/2021;48.5;48.7;48.3;48.3;43.0;7,046,600.0
9/9/2021;49.4;49.5;49.1;49.1;43.6;3,244,800.0
8/9/2021;50.3;50.4;50.0;50.1;44.6;1,845,300.0
7/9/2021;51.7;51.7;51.4;51.6;45.9;1,659,300.0
3/9/2021;52.2;52.3;51.9;52.1;46.4;1,724,300.0
2/9/2021;52.6;52.8;52.3;52.6;46.8;1,802,700.0
1/9/2021;52.2;52.6;52.1;52.5;46.7;1,851,200.0
31/8/2021;51.7;51.9;51.5;51.8;46.1;3,011,400.0
30/8/2021;51.9;52.2;51.7;51.7;46.0;2,446,300.0
27/8/2021;51.9;52.1;51.8;51.8;46.1;3,171,600.0
26/8/2021;52.0;52.1;51.8;51.8;46.1;1,142,500.0
25/8/2021;51.7;51.9;51.5;51.8;46.1;3,041,700.0
24/8/2021;52.1;52.3;51.8;52.1;46.4;2,013,800.0
23/8/2021;52.7;52.8;52.4;52.4;46.6;3,094,000.0
20/8/2021;52.8;53.3;52.7;53.1;47.3;2,258,200.0
19/8/2021;52.4;52.9;52.4;52.5;46.7;5,048,700.0
18/8/2021;52.7;53.3;52.5;52.6;46.8;1,717,600.0
17/8/2021;52.0;52.6;52.0;52.6;46.8;1,765,700.0
16/8/2021;51.6;51.9;51.5;51.9;46.1;854,800.0
13/8/2021;51.5;51.8;51.4;51.8;46.0;1,970,000.0
12/8/2021;51.1;51.4;51.0;51.3;45.6;613,300.0
11/8/2021;51.0;51.1;50.6;50.7;45.1;3,135,300.0
10/8/2021;50.8;51.0;50.7;50.9;45.3;3,560,400.0
9/8/2021;51.2;51.3;50.9;51.1;45.5;1,636,200.0
6/8/2021;50.7;51.0;50.3;50.9;45.2;2,221,000.0
5/8/2021;50.5;50.6;50.3;50.6;45.0;1,474,100.0
4/8/2021;50.5;50.9;49.9;49.9;44.4;2,940,800.0
3/8/2021;51.4;51.6;51.3;51.5;45.8;1,128,300.0
2/8/2021;51.7;51.7;51.4;51.6;45.9;2,094,100.0
30/7/2021;51.9;52.0;51.5;51.6;45.9;1,781,200.0
29/7/2021;51.7;51.7;51.1;51.5;45.8;1,923,800.0
28/7/2021;51.3;52.2;51.3;52.1;46.3;1,699,600.0
27/7/2021;51.4;51.7;51.1;51.6;45.9;1,415,100.0
26/7/2021;51.6;51.8;51.5;51.6;45.9;836,500.0
23/7/2021;51.7;52.2;51.5;51.9;46.1;2,024,700.0
22/7/2021;51.7;51.8;51.4;51.4;45.7;622,600.0
21/7/2021;51.4;51.6;51.1;51.5;45.8;1,107,600.0
20/7/2021;51.0;51.5;50.9;51.4;45.7;1,547,900.0
19/7/2021;51.3;51.5;51.0;51.2;45.5;1,006,900.0
16/7/2021;51.8;52.0;51.4;52.0;46.3;456,400.0
15/7/2021;51.6;51.7;51.3;51.5;45.8;1,711,200.0
14/7/2021;52.2;52.5;52.0;52.3;46.6;579,100.0
13/7/2021;52.3;52.5;52.2;52.3;46.5;1,824,900.0
12/7/2021;52.6;52.8;52.4;52.4;46.6;929,400.0
9/7/2021;51.6;52.0;51.6;51.9;46.2;1,412,000.0
8/7/2021;51.1;51.2;50.8;51.2;45.5;1,736,200.0
7/7/2021;51.2;51.4;51.1;51.2;45.6;1,380,900.0
6/7/2021;51.6;51.6;51.2;51.4;45.8;2,763,000.0
2/7/2021;52.1;52.6;51.9;52.4;46.6;2,312,200.0
1/7/2021;52.5;52.7;52.4;52.6;46.8;960,600.0
30/6/2021;52.5;52.8;52.4;52.7;46.9;1,677,200.0
29/6/2021;52.7;52.8;52.5;52.7;46.9;1,641,600.0
28/6/2021;53.1;53.3;53.0;53.2;47.3;970,100.0
25/6/2021;52.6;53.0;52.6;52.9;47.1;1,446,900.0
24/6/2021;52.2;52.7;52.2;52.3;46.5;536,400.0
23/6/2021;52.6;52.6;52.0;52.1;46.3;1,332,800.0
22/6/2021;52.3;52.5;52.1;52.3;46.5;1,156,900.0
21/6/2021;52.7;52.8;52.4;52.6;46.8;776,000.0
18/6/2021;52.2;53.0;52.2;52.9;47.0;5,675,900.0
17/6/2021;52.9;53.3;52.9;53.2;47.4;1,226,700.0
16/6/2021;53.8;54.0;53.2;53.4;47.5;1,148,400.0
15/6/2021;54.0;54.1;53.9;53.9;48.0;865,900.0
14/6/2021;53.9;54.3;53.8;54.3;48.3;931,700.0
11/6/2021;53.9;53.9;53.5;53.8;47.9;872,700.0
10/6/2021;53.4;54.0;53.4;53.8;47.8;1,543,400.0
9/6/2021;52.5;52.9;52.5;52.8;47.0;2,659,800.0
8/6/2021;52.6;52.6;51.9;52.1;46.3;929,800.0
7/6/2021;52.3;52.7;52.2;52.2;46.5;3,434,700.0
4/6/2021;52.3;52.6;52.1;52.4;46.6;919,100.0
3/6/2021;51.8;52.0;51.7;51.9;46.2;996,400.0
2/6/2021;52.3;52.3;51.8;51.8;46.1;1,111,300.0
1/6/2021;52.9;53.0;52.4;52.5;46.7;638,200.0
28/5/2021;53.1;53.7;53.1;53.4;47.5;560,800.0
27/5/2021;53.6;53.8;52.8;53.0;47.1;1,144,600.0
26/5/2021;54.2;54.2;53.8;53.9;48.0;861,200.0
25/5/2021;54.1;54.1;53.7;53.7;47.8;1,148,100.0
24/5/2021;53.8;54.0;53.6;53.7;47.7;724,500.0
21/5/2021;53.8;53.9;53.6;53.8;47.9;1,239,200.0
20/5/2021;53.6;54.2;53.5;54.0;48.1;932,300.0
19/5/2021;53.1;53.2;52.6;52.9;47.0;1,002,300.0
18/5/2021;53.6;53.7;53.3;53.5;47.6;948,500.0
17/5/2021;53.1;53.6;53.0;53.5;47.6;1,184,800.0
14/5/2021;52.6;52.9;52.5;52.7;46.9;1,388,500.0
13/5/2021;52.0;52.6;52.0;52.5;46.7;1,054,300.0
12/5/2021;51.7;52.2;51.7;51.8;46.1;1,026,000.0
11/5/2021;51.7;52.0;51.6;52.0;46.2;1,326,700.0
10/5/2021;52.6;52.7;52.3;52.5;46.7;1,151,700.0
7/5/2021;51.5;51.9;51.4;51.8;46.1;2,162,500.0
6/5/2021;50.9;51.1;50.6;51.0;45.4;1,071,100.0
5/5/2021;50.5;50.8;50.4;50.6;45.0;2,005,800.0
4/5/2021;50.7;50.9;50.4;50.4;44.9;979,300.0
3/5/2021;50.2;51.0;50.2;50.9;45.3;1,335,700.0
30/4/2021;52.9;53.0;52.3;52.4;44.9;1,078,600.0
29/4/2021;53.1;53.1;52.1;52.7;45.2;1,802,100.0
28/4/2021;52.5;53.0;52.4;52.6;45.1;1,908,900.0
27/4/2021;51.7;51.8;51.5;51.6;44.2;1,427,900.0
26/4/2021;51.9;51.9;51.6;51.9;44.5;1,169,700.0
23/4/2021;51.5;51.8;51.4;51.7;44.3;1,337,400.0
22/4/2021;52.0;52.1;51.7;52.1;44.6;3,670,000.0
21/4/2021;52.3;52.6;52.2;52.5;45.0;573,300.0
20/4/2021;51.8;52.0;51.7;52.0;44.6;647,200.0
19/4/2021;51.8;51.9;51.7;51.8;44.4;802,600.0
16/4/2021;51.0;51.5;50.8;51.3;44.0;958,100.0
15/4/2021;50.6;50.9;50.5;50.7;43.5;1,059,900.0
14/4/2021;50.4;50.5;50.2;50.2;43.1;1,103,800.0
13/4/2021;49.9;50.4;49.9;50.2;43.0;1,159,200.0
12/4/2021;50.6;50.7;50.2;50.3;43.1;902,500.0
9/4/2021;50.5;50.9;50.4;50.8;43.5;1,443,700.0
8/4/2021;50.5;50.6;50.3;50.4;43.2;654,400.0
7/4/2021;50.2;50.3;49.9;50.0;42.8;1,158,600.0
6/4/2021;49.7;50.2;49.6;49.8;42.7;1,142,500.0
5/4/2021;49.6;50.2;49.4;50.2;43.0;795,000.0
1/4/2021;49.4;49.6;49.2;49.4;42.3;793,400.0
31/3/2021;49.4;49.6;49.2;49.5;42.4;924,700.0
30/3/2021;49.3;49.3;49.0;49.1;42.1;716,900.0
29/3/2021;49.4;49.8;49.3;49.6;42.5;972,700.0
26/3/2021;49.0;49.7;48.8;49.6;42.5;1,430,400.0
25/3/2021;49.0;49.2;48.9;49.2;42.2;1,833,900.0
24/3/2021;48.4;48.6;48.3;48.6;41.6;2,121,900.0
23/3/2021;49.2;49.3;48.5;48.5;41.6;2,056,300.0
22/3/2021;49.1;49.7;49.1;49.3;42.3;1,042,100.0
19/3/2021;49.5;50.0;49.4;49.9;42.8;1,380,500.0
18/3/2021;48.9;49.2;48.9;49.1;42.1;1,409,000.0
17/3/2021;49.2;49.2;48.6;49.1;42.1;1,141,600.0
16/3/2021;48.8;49.4;48.8;49.4;42.4;1,105,200.0
15/3/2021;48.4;48.9;48.2;48.7;41.8;1,113,000.0
12/3/2021;47.8;48.0;47.6;48.0;41.2;1,384,400.0
11/3/2021;47.8;48.1;47.7;47.8;41.0;1,408,100.0
10/3/2021;48.0;48.3;47.6;48.0;41.1;1,226,700.0
9/3/2021;47.4;47.7;47.0;47.2;40.4;1,670,000.0
8/3/2021;45.8;46.9;45.7;46.6;39.9;2,137,400.0
5/3/2021;46.2;46.7;46.0;46.6;39.9;3,172,300.0
4/3/2021;46.0;46.3;45.4;45.9;39.4;2,005,700.0
3/3/2021;45.5;45.7;45.2;45.5;39.0;1,115,400.0
2/3/2021;46.1;46.2;45.9;45.9;39.4;1,483,300.0
1/3/2021;46.1;46.3;45.8;45.9;39.4;1,879,700.0
26/2/2021;46.4;46.4;45.7;45.9;39.3;3,143,900.0
25/2/2021;46.5;46.6;45.7;45.8;39.3;3,139,600.0
24/2/2021;46.4;46.7;46.3;46.6;40.0;2,243,600.0
23/2/2021;46.5;46.6;46.3;46.4;39.8;1,510,400.0
22/2/2021;46.7;46.7;46.4;46.4;39.7;2,777,500.0
19/2/2021;46.7;46.8;46.4;46.6;40.0;2,886,400.0
18/2/2021;47.4;47.4;47.0;47.3;40.6;1,593,200.0
17/2/2021;47.2;47.6;47.2;47.6;40.8;3,542,700.0
16/2/2021;47.7;47.7;47.1;47.5;40.7;3,942,000.0
12/2/2021;47.1;47.7;47.1;47.6;40.8;4,220,300.0
11/2/2021;47.6;47.7;46.9;47.7;40.9;8,517,200.0
10/2/2021;48.6;48.7;48.0;48.1;41.2;4,299,300.0
9/2/2021;48.4;49.1;48.3;48.9;41.9;4,360,800.0
8/2/2021;48.7;48.8;48.5;48.6;41.7;2,988,700.0
5/2/2021;48.4;48.6;47.9;48.2;41.3;4,321,700.0
4/2/2021;47.2;47.2;46.9;47.1;40.4;2,405,700.0
3/2/2021;46.9;47.1;46.6;46.9;40.2;5,255,100.0
2/2/2021;47.6;47.7;47.1;47.3;40.5;6,102,800.0
1/2/2021;47.6;47.7;47.2;47.6;40.8;2,792,500.0
29/1/2021;47.5;47.6;46.6;47.2;40.5;4,015,100.0
28/1/2021;47.7;48.1;47.5;47.6;40.8;3,332,800.0
27/1/2021;48.8;48.8;47.3;47.3;40.6;2,349,500.0
26/1/2021;49.6;49.6;49.0;49.2;42.1;2,598,000.0
25/1/2021;49.3;49.7;49.2;49.6;42.5;2,058,300.0
22/1/2021;49.4;50.0;49.4;49.7;42.6;3,099,100.0
21/1/2021;49.9;49.9;49.3;49.6;42.6;5,511,300.0
20/1/2021;49.9;50.1;49.8;49.9;42.8;4,491,000.0
19/1/2021;50.9;50.9;50.2;50.5;43.3;2,651,500.0
15/1/2021;49.2;49.7;48.8;49.4;42.3;2,085,700.0
14/1/2021;48.8;49.4;48.6;49.0;42.0;1,860,900.0
13/1/2021;48.2;48.4;48.0;48.0;41.2;3,831,500.0
12/1/2021;48.2;48.5;47.9;48.4;41.5;3,285,300.0
11/1/2021;48.0;48.4;48.0;48.1;41.2;2,602,700.0
8/1/2021;48.2;48.5;47.8;48.5;41.5;4,504,800.0
7/1/2021;47.9;48.1;47.7;48.1;41.2;3,781,600.0
6/1/2021;48.1;48.8;48.0;48.0;41.2;4,119,000.0
5/1/2021;48.6;48.9;48.2;48.7;41.8;954,300.0
4/1/2021;48.8;48.8;48.2;48.8;41.8;1,744,200.0
31/12/2020;48.3;48.6;48.0;48.6;41.7;2,751,400.0
30/12/2020;48.5;48.5;48.1;48.4;41.5;1,545,400.0
29/12/2020;48.3;48.6;48.1;48.3;41.4;1,299,600.0
28/12/2020;48.1;48.2;47.8;47.9;41.1;1,018,600.0
24/12/2020;47.8;47.9;47.3;47.5;40.7;478,900.0
23/12/2020;47.8;47.9;47.5;47.6;40.8;656,500.0
22/12/2020;48.0;48.1;47.6;47.8;41.0;1,330,200.0
21/12/2020;47.3;47.4;46.9;47.0;40.3;3,630,200.0
18/12/2020;48.5;48.6;47.9;48.1;41.3;3,041,800.0
17/12/2020;47.8;48.0;47.4;47.5;40.7;1,665,500.0
16/12/2020;47.1;47.4;46.9;47.1;40.4;2,016,600.0
15/12/2020;47.0;47.0;46.0;46.3;39.7;2,147,500.0
14/12/2020;47.7;47.8;46.6;46.7;40.0;2,037,900.0
11/12/2020;48.4;48.5;47.5;47.8;41.0;3,167,800.0
10/12/2020;49.5;49.9;49.4;49.7;42.6;1,001,400.0
9/12/2020;50.1;50.1;49.1;49.6;42.5;1,782,500.0
8/12/2020;49.5;50.1;49.4;49.6;42.5;1,383,500.0
7/12/2020;50.1;50.4;49.7;49.9;42.8;1,399,500.0
4/12/2020;50.8;51.0;50.6;51.0;43.7;934,000.0
3/12/2020;50.6;50.6;50.0;50.1;43.0;801,600.0
2/12/2020;50.7;51.0;50.6;50.6;43.4;769,700.0
1/12/2020;50.3;51.0;50.3;50.9;43.7;981,900.0
30/11/2020;51.5;51.6;50.1;50.2;43.0;1,223,900.0
27/11/2020;51.0;51.3;50.8;51.1;43.8;474,200.0
25/11/2020;50.2;50.3;49.9;50.2;43.0;1,188,300.0
24/11/2020;49.7;50.1;49.7;49.9;42.8;794,100.0
23/11/2020;50.5;50.5;49.5;49.9;42.7;2,653,900.0
20/11/2020;50.8;51.1;50.4;50.5;43.3;1,778,800.0
19/11/2020;50.6;50.9;50.5;50.9;43.6;646,800.0
18/11/2020;51.2;51.3;50.5;50.5;43.3;1,068,900.0
17/11/2020;50.5;50.6;50.2;50.3;43.1;683,200.0
16/11/2020;51.1;51.2;50.3;50.7;43.4;737,100.0
13/11/2020;50.8;51.2;50.6;51.0;43.7;1,321,400.0
12/11/2020;50.2;51.4;50.1;51.0;43.8;2,907,300.0
11/11/2020;51.2;51.6;51.1;51.6;44.3;1,282,300.0
10/11/2020;50.3;50.4;49.8;50.2;43.0;960,600.0
9/11/2020;50.5;50.7;49.5;49.6;42.5;1,049,100.0
6/11/2020;49.8;50.1;48.8;49.3;42.2;2,290,600.0
5/11/2020;50.8;50.8;50.1;50.3;43.1;1,239,600.0
4/11/2020;49.7;51.3;49.7;50.6;43.4;2,026,100.0
3/11/2020;47.4;47.9;47.3;47.6;40.8;1,484,100.0
2/11/2020;46.3;46.6;46.1;46.4;39.8;1,283,100.0
30/10/2020;45.4;45.5;44.8;45.3;38.8;1,469,100.0
29/10/2020;45.5;45.9;45.1;45.5;39.0;2,129,300.0
28/10/2020;46.7;46.8;46.0;46.1;39.6;2,183,100.0
27/10/2020;48.5;48.6;47.4;47.4;40.6;1,410,100.0
26/10/2020;49.4;49.5;48.7;49.1;42.1;813,900.0
23/10/2020;49.5;49.5;48.9;49.3;42.3;728,000.0
22/10/2020;48.9;49.1;48.7;48.9;41.9;841,400.0
21/10/2020;49.8;50.0;49.2;49.2;42.2;1,444,400.0
20/10/2020;50.3;50.4;49.9;49.9;42.8;428,200.0
19/10/2020;51.0;51.0;50.0;50.1;43.0;787,900.0
16/10/2020;50.0;50.7;49.9;50.3;43.1;777,900.0
15/10/2020;49.7;50.0;49.4;50.0;42.8;1,351,800.0
14/10/2020;51.6;51.7;51.1;51.1;43.8;2,731,100.0
13/10/2020;51.1;51.5;51.1;51.5;44.1;699,600.0
12/10/2020;51.3;51.3;50.9;51.1;43.8;520,100.0
9/10/2020;50.9;51.1;50.7;50.8;43.6;769,900.0
8/10/2020;49.9;50.4;49.8;50.4;43.2;872,400.0
7/10/2020;49.7;49.7;49.2;49.5;42.4;748,600.0
6/10/2020;50.5;50.5;49.6;49.7;42.6;2,639,600.0
5/10/2020;50.4;51.1;50.4;51.0;43.7;639,100.0
2/10/2020;49.7;50.7;49.7;50.5;43.3;534,700.0
1/10/2020;50.0;50.3;49.8;50.0;42.8;1,206,400.0
30/9/2020;50.8;50.8;49.9;50.2;43.0;1,000,700.0
29/9/2020;50.7;51.0;48.4;50.5;43.3;586,300.0
28/9/2020;51.2;51.3;50.8;51.0;43.7;650,500.0
25/9/2020;50.2;50.9;50.1;50.8;43.5;714,600.0
24/9/2020;50.7;51.0;50.3;50.8;43.5;900,600.0
23/9/2020;50.8;51.0;50.5;50.6;43.4;1,425,400.0
22/9/2020;50.4;50.5;49.6;49.9;42.7;1,014,600.0
21/9/2020;51.0;51.1;50.2;50.9;43.6;589,700.0
18/9/2020;52.6;52.7;52.1;52.4;45.0;680,300.0
17/9/2020;51.8;52.2;51.7;52.1;44.6;420,000.0
16/9/2020;52.4;52.4;51.8;51.8;44.4;523,100.0
15/9/2020;52.6;52.7;52.4;52.5;45.0;525,700.0
14/9/2020;51.4;51.8;51.3;51.7;44.3;960,900.0
11/9/2020;51.7;52.1;51.5;51.9;44.5;998,800.0
10/9/2020;51.9;51.9;50.6;50.7;43.5;796,300.0
9/9/2020;51.6;52.2;51.5;51.6;44.3;1,280,900.0
8/9/2020;50.3;50.7;50.0;50.4;43.2;1,543,600.0
4/9/2020;49.8;49.9;48.7;49.5;42.4;1,097,300.0
3/9/2020;50.8;50.8;49.5;49.8;42.7;923,200.0
2/9/2020;50.5;50.6;50.2;50.5;43.3;709,900.0
1/9/2020;50.7;50.8;49.7;49.9;42.8;1,350,300.0
31/8/2020;50.4;51.0;50.3;50.6;43.4;690,600.0
28/8/2020;50.7;50.8;50.2;50.2;43.0;1,559,300.0
27/8/2020;51.8;51.9;50.7;50.8;43.5;1,208,300.0
26/8/2020;51.7;51.8;51.5;51.7;44.3;845,100.0
25/8/2020;52.2;52.2;51.6;51.7;44.3;682,600.0
24/8/2020;52.3;52.3;51.3;51.5;44.2;1,062,000.0
21/8/2020;50.7;51.0;50.5;50.9;43.6;913,500.0
20/8/2020;51.6;51.6;51.3;51.4;44.1;468,900.0
19/8/2020;52.5;52.5;51.7;51.7;44.3;589,300.0
18/8/2020;52.2;52.2;51.8;52.0;44.6;958,800.0
17/8/2020;50.9;51.4;50.9;51.4;44.0;1,318,000.0
14/8/2020;50.6;50.8;50.1;50.3;43.1;1,105,600.0
13/8/2020;51.3;51.5;51.2;51.4;44.0;623,700.0
12/8/2020;51.6;52.1;51.5;51.8;44.4;876,000.0
11/8/2020;51.7;51.7;50.8;50.8;43.6;985,100.0
10/8/2020;51.3;51.4;50.8;50.9;43.6;745,500.0
7/8/2020;51.2;51.6;51.1;51.5;44.2;1,576,900.0
6/8/2020;51.3;51.5;51.0;51.5;44.2;1,367,500.0
5/8/2020;52.0;52.1;51.6;51.6;44.2;1,356,400.0
4/8/2020;52.0;52.1;51.6;51.8;44.4;1,274,500.0
3/8/2020;52.8;53.4;52.7;53.2;45.6;1,176,500.0
31/7/2020;53.0;53.1;51.8;52.5;45.0;2,793,100.0
30/7/2020;51.8;52.5;51.5;52.5;45.0;719,800.0
29/7/2020;52.8;53.1;52.3;52.8;45.3;1,267,800.0
28/7/2020;52.3;52.7;51.8;51.8;44.4;1,535,800.0
27/7/2020;51.7;52.4;51.6;52.2;44.7;653,500.0
24/7/2020;51.8;51.8;51.1;51.2;43.9;1,469,500.0
23/7/2020;52.8;52.9;52.1;52.1;44.7;723,800.0
22/7/2020;53.4;53.5;52.9;53.3;45.7;661,500.0
21/7/2020;54.0;54.0;53.1;53.2;45.6;506,300.0
20/7/2020;53.9;54.1;53.1;53.8;46.1;696,500.0
17/7/2020;53.1;53.5;53.0;53.3;45.7;673,600.0
16/7/2020;53.5;55.0;51.8;53.0;45.4;798,800.0
15/7/2020;53.3;53.7;53.1;53.3;45.7;1,262,300.0
14/7/2020;51.4;52.3;51.3;52.1;44.7;1,405,600.0
13/7/2020;51.2;51.7;50.8;50.9;43.7;699,900.0
10/7/2020;50.4;50.6;50.2;50.3;43.1;369,400.0
9/7/2020;51.1;51.3;50.2;50.6;43.3;795,000.0
8/7/2020;51.4;51.6;51.2;51.5;44.2;490,000.0
7/7/2020;51.4;51.9;51.4;51.4;44.1;616,500.0
6/7/2020;52.1;52.3;51.9;52.2;44.8;569,900.0
2/7/2020;51.6;51.8;51.3;51.6;44.3;723,000.0
1/7/2020;51.0;51.4;50.7;51.3;44.0;478,600.0
30/6/2020;50.6;51.3;50.5;51.1;43.8;1,302,700.0
29/6/2020;51.8;51.8;50.9;51.1;43.8;2,289,200.0
26/6/2020;51.6;51.7;50.8;50.9;43.6;876,600.0
25/6/2020;51.4;51.9;51.0;51.9;44.5;1,025,600.0
24/6/2020;51.5;52.0;50.9;51.1;43.8;1,285,000.0
23/6/2020;52.6;52.9;52.5;52.5;45.0;1,116,500.0
22/6/2020;52.5;52.7;52.2;52.5;45.0;1,057,800.0
19/6/2020;52.4;52.7;52.0;52.3;44.9;1,521,100.0
18/6/2020;51.6;51.9;51.0;51.4;44.1;929,700.0
17/6/2020;52.4;52.8;52.2;52.5;45.0;2,355,600.0
16/6/2020;51.5;51.6;50.9;51.1;43.8;3,921,400.0
15/6/2020;50.3;50.9;49.7;50.6;43.4;1,969,300.0
12/6/2020;50.7;50.8;49.4;50.0;42.8;1,461,400.0
11/6/2020;51.5;51.6;49.4;49.5;42.4;1,927,800.0
10/6/2020;51.4;51.8;51.2;51.5;44.2;2,103,600.0
9/6/2020;50.6;51.3;50.5;50.9;43.6;1,499,900.0
8/6/2020;50.1;50.8;49.9;50.8;43.6;1,644,100.0
5/6/2020;50.3;50.4;50.0;50.1;43.0;1,077,900.0
4/6/2020;49.7;50.4;49.5;50.0;42.8;2,586,700.0
3/6/2020;49.6;49.9;49.4;49.6;42.5;1,607,900.0
2/6/2020;49.4;50.0;49.2;49.9;42.8;2,658,300.0
1/6/2020;49.4;49.7;49.1;49.5;42.4;1,171,000.0
29/5/2020;49.4;49.5;48.3;49.1;42.1;1,669,300.0
28/5/2020;48.0;49.1;48.0;48.7;41.7;1,763,500.0
27/5/2020;47.2;47.5;46.8;47.5;40.7;1,176,300.0
26/5/2020;47.8;47.9;47.2;47.3;40.5;2,031,200.0
22/5/2020;47.4;47.7;47.2;47.3;40.6;1,486,800.0
21/5/2020;48.3;48.3;47.4;47.4;40.7;1,740,100.0
20/5/2020;48.0;48.2;47.7;47.7;40.9;1,415,500.0
19/5/2020;47.6;48.0;47.2;47.2;40.5;1,725,700.0
18/5/2020;46.9;47.9;46.7;47.6;40.8;2,505,000.0
15/5/2020;47.1;47.6;46.9;47.3;40.5;1,365,900.0
14/5/2020;47.3;47.8;47.2;47.7;40.9;1,367,800.0
13/5/2020;49.3;49.5;47.9;48.3;41.4;1,004,600.0
12/5/2020;49.3;49.7;48.2;48.2;41.3;1,455,600.0
11/5/2020;47.7;48.3;47.6;48.2;41.3;977,100.0
8/5/2020;48.7;48.7;48.1;48.1;41.2;897,900.0
7/5/2020;48.7;49.2;48.1;48.4;41.5;1,648,900.0
6/5/2020;49.5;50.2;47.4;49.4;42.3;752,900.0
